team,qb_att,qb_cmp,qb_yds,qb_td,qb_ratt,qb_ryds,qb_rtd,rb_att,rb_yds,rb_td,rb_tgt,rb_rec,rb_ryds,rb_rtd,wr_tgt,wr_rec,wr_yds,wr_td,te_tgt,te_rec,te_yds,te_td
ARI,27.25,17.25,247.75,2.75,1.75,15.75,0.0,25.25,97.0,0.5,3.25,2.0,15.0,0.0,15.5,9.25,166.75,2.0,7.75,6.0,66.0,0.75
ATL,44.25,26.25,276.5,1.75,2.0,1.0,0.0,15.5,48.5,0.5,8.25,5.75,27.5,0.25,25.25,14.5,195.25,0.75,8.25,6.0,53.75,0.75
BAL,34.0,22.75,229.0,1.0,4.5,18.25,0.25,20.75,79.25,1.0,5.5,4.25,9.25,0.0,21.75,14.75,183.5,0.5,5.0,3.75,36.25,0.5
BUF,36.75,23.5,274.0,2.5,4.25,23.25,0.0,24.25,91.0,0.75,6.75,4.5,31.75,0.75,21.0,13.25,186.0,1.5,7.25,5.0,47.5,0.25
CAR,36.0,22.0,242.5,1.25,6.25,36.5,0.5,22.25,120.0,1.25,6.25,4.75,37.5,0.0,18.75,12.0,151.75,0.25,9.25,5.25,53.25,1.0
CHI,24.75,14.5,194.0,1.0,2.5,16.25,0.5,18.25,86.25,0.25,3.5,2.75,30.5,0.25,14.25,8.5,128.75,0.75,5.5,3.25,34.75,0.0
CIN,35.0,22.5,272.0,1.0,3.5,17.25,0.25,17.25,78.25,0.5,5.5,5.0,39.75,0.0,17.25,9.75,130.0,1.0,10.0,7.75,102.25,0.0
CLE,36.25,21.75,254.25,2.25,2.25,7.25,0.0,21.5,102.5,0.0,5.25,4.25,21.75,0.0,19.25,11.0,170.0,1.5,9.0,6.25,60.5,0.75
DAL,28.25,20.25,242.5,2.25,6.75,47.0,0.0,24.25,97.25,1.0,3.5,3.0,21.5,0.25,17.75,12.0,168.25,1.25,6.0,5.5,52.75,0.75
DEN,35.25,20.25,245.25,1.5,5.25,17.75,0.25,23.75,113.5,0.75,7.0,4.75,37.25,0.25,17.0,9.25,133.75,0.75,8.25,5.75,67.25,0.5
DET,41.25,28.75,327.0,2.75,5.75,23.0,0.5,20.75,96.25,1.0,5.75,4.25,18.0,0.0,20.5,15.25,207.25,1.25,12.5,9.25,101.75,1.5
GNB,29.25,19.75,200.5,1.5,5.5,19.5,0.0,27.25,113.75,1.75,3.0,2.75,28.25,0.25,18.0,12.75,139.0,0.75,6.0,4.25,33.25,0.5
HOU,35.25,24.0,277.75,1.5,3.0,8.5,0.5,21.5,76.25,0.75,5.0,3.75,14.25,0.0,22.75,15.0,207.5,1.5,6.5,5.25,56.0,0.0
IND,34.0,20.75,276.25,1.5,3.75,29.5,0.25,22.5,97.75,1.0,5.75,4.0,44.25,0.0,18.0,11.0,176.5,1.0,8.0,5.5,52.25,0.5
JAX,34.25,23.5,287.5,0.75,4.75,17.5,0.25,16.75,47.5,0.25,7.0,6.5,47.75,0.0,22.25,14.0,210.5,0.25,4.0,3.0,32.75,0.5
KAN,36.75,22.5,229.0,1.0,3.75,17.0,0.0,20.25,70.0,0.75,5.5,4.5,36.0,0.0,17.75,9.5,108.5,0.0,11.5,8.25,82.25,1.0
LAR,31.75,17.0,153.75,1.75,4.0,13.75,0.25,21.25,81.75,0.0,6.75,4.75,25.75,0.0,16.25,9.0,106.25,1.5,7.25,3.0,21.25,0.25
LAC,28.5,18.75,225.5,1.5,5.25,10.75,0.5,26.0,102.5,0.75,6.0,4.0,31.0,0.25,15.25,10.25,148.25,1.0,6.5,4.25,46.0,0.25
LVR,31.5,18.5,223.0,1.75,3.0,19.25,0.25,22.25,110.5,0.75,4.0,3.5,25.25,0.0,18.5,9.0,151.75,0.5,7.5,6.0,46.0,1.25
MIA,28.25,22.0,235.0,1.75,4.25,9.75,0.25,24.5,99.75,0.75,5.5,4.5,34.75,0.75,12.75,9.75,110.25,0.25,7.75,7.25,83.25,0.5
MIN,32.75,16.75,220.25,0.75,2.75,17.0,0.0,19.5,76.75,0.25,5.0,3.25,22.75,0.0,19.25,10.75,148.0,0.75,6.25,2.75,49.5,0.0
NWE,31.5,20.5,205.5,1.25,3.25,12.5,0.25,20.0,89.5,0.75,5.25,4.25,32.25,0.0,19.5,13.0,147.25,1.25,4.75,3.25,26.0,0.0
NOR,30.75,21.0,228.0,1.75,2.75,9.25,0.0,26.5,138.5,2.25,4.25,4.0,29.0,0.0,15.75,9.75,122.5,1.25,9.5,7.25,76.5,0.5
NYG,34.0,22.0,212.25,2.25,2.75,8.25,0.0,20.25,100.75,0.5,3.75,3.75,19.25,0.5,19.25,11.25,143.5,1.25,9.5,7.0,49.5,0.5
NYJ,31.75,21.25,205.5,1.25,3.0,7.0,0.0,25.75,113.75,1.0,5.75,4.5,33.75,0.5,17.25,11.5,127.0,0.75,6.75,5.25,44.75,0.0
PHI,34.75,21.75,227.75,1.0,4.0,13.5,0.75,25.75,106.25,0.75,6.0,4.75,26.5,0.0,20.75,13.0,162.25,1.0,5.75,4.0,39.0,0.0
PIT,28.5,19.5,225.25,1.25,3.25,13.0,0.0,22.5,98.25,0.75,7.0,5.25,40.0,0.25,15.75,11.0,148.5,0.5,4.75,3.25,36.75,0.5
SEA,30.75,19.5,161.25,1.5,4.75,26.25,0.0,22.75,76.25,0.25,6.5,5.75,33.5,0.5,16.25,9.0,98.75,0.5,6.5,4.75,29.0,0.5
SFO,36.25,23.5,214.75,1.0,2.75,7.0,0.25,23.5,91.75,0.25,9.0,7.75,51.75,0.25,17.75,10.5,123.5,0.75,7.75,5.25,39.5,0.0
TAM,31.0,21.5,214.25,1.5,4.5,12.75,0.0,19.0,62.5,0.25,7.0,6.25,40.25,0.0,14.5,8.75,105.75,0.75,8.25,6.5,68.25,0.75
TEN,28.0,20.5,220.5,1.0,4.75,18.25,0.0,27.5,99.75,0.75,4.5,3.5,26.25,0.0,16.0,12.5,167.0,0.75,6.25,4.5,27.25,0.25
WAS,33.75,22.5,251.0,2.75,4.0,19.75,0.25,19.25,73.5,0.5,5.5,3.5,27.25,0.0,20.0,14.5,166.5,1.5,6.25,4.75,60.75,1.25
