season,week,away,home,away_score,home_score,spread,total,home_ml,away_ml,home_spread_odds,away_spread_odds,over_odds,under_odds,home_qb,away_qb,home_qb_starts,away_qb_starts
2026,1,NE,SEA,10,13,-3.0,44.5,-166.0,140.0,-118.0,-102.0,-108.0,-112.0,Sam Darnold,Drake Maye,95.0,32.0
2026,1,SF,LA,27,7,-3.5,47.5,-218.0,180.0,-115.0,-105.0,-115.0,-105.0,Matthew Stafford,Brock Purdy,252.0,53.0
2026,1,CHI,CAR,59,37,3.0,47.5,140.0,-166.0,-108.0,-112.0,-105.0,-115.0,Bryce Young,Caleb Williams,42.0,36.0
2026,1,TB,CIN,27,33,-3.5,50.5,-205.0,170.0,-118.0,-102.0,-108.0,-112.0,Joe Burrow,Baker Mayfield,84.0,125.0
2026,1,NO,DET,30,31,-7.0,49.5,-325.0,260.0,-110.0,-110.0,-115.0,-105.0,Jared Goff,Tyler Shough,160.0,9.0
2026,1,BUF,HOU,36,31,1.5,44.5,-108.0,-112.0,-115.0,-105.0,-110.0,-110.0,C.J. Stroud,Josh Allen,51.0,139.0
2026,1,BAL,IND,41,23,3.0,48.5,136.0,-162.0,-112.0,-108.0,-102.0,-118.0,Daniel Jones,Lamar Jackson,84.0,115.0
2026,1,CLE,JAX,10,34,-8.5,40.5,-470.0,360.0,-115.0,-105.0,-102.0,-118.0,Trevor Lawrence,Deshaun Watson,80.0,75.0
2026,1,ATL,PIT,13,20,-6.5,40.5,-298.0,240.0,-112.0,-108.0,-112.0,-108.0,Aaron Rodgers,Cooper Rush,278.0,16.0
2026,1,NYJ,TEN,23,10,-1.5,39.5,-118.0,-102.0,-105.0,-115.0,-110.0,-110.0,Cam Ward,Geno Smith,17.0,99.0
2026,1,ARI,LAC,26,14,-8.5,47.5,-455.0,350.0,-118.0,-102.0,-102.0,-118.0,Justin Herbert,Jacoby Brissett,97.0,65.0
2026,1,MIA,LV,13,27,-3.0,40.5,-170.0,142.0,-110.0,-110.0,-110.0,-110.0,Kirk Cousins,Malik Willis,171.0,6.0
2026,1,GB,MIN,22,39,-1.5,46.5,-125.0,105.0,-115.0,-105.0,-102.0,-118.0,Kyler Murray,Jordan Love,87.0,52.0
2026,1,WAS,PHI,22,24,-6.0,43.5,-245.0,200.0,-110.0,-110.0,-115.0,-105.0,Jalen Hurts,Jayden Daniels,93.0,23.0
2026,1,DAL,NYG,20,28,3.0,47.5,140.0,-166.0,-108.0,-112.0,-115.0,-105.0,Jaxson Dart,Dak Prescott,12.0,145.0
2026,1,DEN,KC,10,31,-2.5,42.5,-130.0,110.0,-108.0,-112.0,-110.0,-110.0,Patrick Mahomes,Bo Nix,147.0,36.0
2026,2,DET,BUF,31,41,-5.5,54.5,-238.0,195.0,-105.0,-115.0,-118.0,-102.0,Josh Allen,Jared Goff,140.0,161.0
2026,2,CAR,ATL,34,3,2.5,43.5,130.0,-155.0,100.0,-120.0,-110.0,-110.0,Tua Tagovailoa,Bryce Young,77.0,43.0
2026,2,NO,BAL,24,17,-8.5,45.5,-375.0,295.0,-105.0,-115.0,-105.0,-115.0,Lamar Jackson,Tyler Shough,116.0,10.0
2026,2,MIN,CHI,9,3,-4.5,46.5,-218.0,180.0,-112.0,-108.0,-115.0,-105.0,Caleb Williams,Carson Wentz,37.0,100.0
2026,2,CIN,HOU,20,6,-3.0,45.5,-148.0,124.0,-102.0,-118.0,-110.0,-110.0,C.J. Stroud,Joe Burrow,52.0,85.0
2026,2,PIT,NE,3,20,-4.5,41.5,-225.0,185.0,-118.0,-102.0,-105.0,-115.0,Drake Maye,Aaron Rodgers,33.0,279.0
2026,2,GB,NYJ,20,17,3.5,44.5,154.0,-185.0,-112.0,-108.0,-110.0,-110.0,Geno Smith,Jordan Love,100.0,53.0
2026,2,CLE,TB,23,19,-8.5,41.5,-425.0,330.0,-105.0,-115.0,-108.0,-112.0,Baker Mayfield,Deshaun Watson,126.0,76.0
2026,2,PHI,TEN,24,20,7.0,39.5,260.0,-325.0,-105.0,-115.0,-112.0,-108.0,Cam Ward,Jalen Hurts,18.0,94.0
2026,2,JAX,DEN,13,20,-2.5,45.5,-148.0,124.0,-115.0,-105.0,-110.0,-110.0,Bo Nix,Trevor Lawrence,37.0,81.0
2026,2,LV,LAC,26,14,-6.5,43.5,-325.0,260.0,-122.0,102.0,-110.0,-110.0,Justin Herbert,Kirk Cousins,98.0,172.0
2026,2,SEA,ARI,31,7,3.5,40.5,180.0,-218.0,100.0,-120.0,-115.0,-105.0,Jacoby Brissett,Drew Lock,66.0,25.0
2026,2,WAS,DAL,20,37,-3.5,51.5,-218.0,180.0,-120.0,100.0,-105.0,-115.0,Dak Prescott,Jayden Daniels,146.0,24.0
2026,2,MIA,SF,13,35,-12.5,44.5,-900.0,600.0,-115.0,-105.0,-115.0,-105.0,Brock Purdy,Malik Willis,54.0,7.0
2026,2,IND,KC,30,33,-6.0,46.5,-265.0,215.0,-108.0,-112.0,-102.0,-118.0,Patrick Mahomes,Daniel Jones,148.0,85.0
2026,2,NYG,LA,6,28,-6.5,47.5,-298.0,240.0,-115.0,-105.0,-110.0,-110.0,Matthew Stafford,Jaxson Dart,253.0,13.0
2026,3,ATL,GB,35,14,-4.5,43.5,-230.0,190.0,-112.0,-108.0,-102.0,-118.0,Jordan Love,Michael Penix Jr.,54.0,3.0
2026,3,LAC,BUF,16,24,-7.0,50.5,-325.0,260.0,-112.0,-108.0,-105.0,-115.0,Josh Allen,Justin Herbert,141.0,99.0
2026,3,CAR,CLE,18,21,2.5,41.5,114.0,-135.0,-112.0,-108.0,-115.0,-105.0,Deshaun Watson,Bryce Young,77.0,44.0
2026,3,NYJ,DET,24,31,-7.0,49.5,-325.0,260.0,-110.0,-110.0,-110.0,-110.0,Jared Goff,Geno Smith,162.0,101.0
2026,3,HOU,IND,17,19,1.5,41.5,105.0,-125.0,-108.0,-112.0,-115.0,-105.0,Daniel Jones,C.J. Stroud,86.0,53.0
2026,3,NE,JAX,6,35,-3.0,46.5,-162.0,136.0,-105.0,-115.0,-110.0,-110.0,Trevor Lawrence,Drake Maye,82.0,34.0
2026,3,KC,MIA,24,10,10.0,45.5,440.0,-600.0,-112.0,-108.0,-105.0,-115.0,Malik Willis,Patrick Mahomes,8.0,149.0
2026,3,TEN,NYG,7,12,-2.5,37.5,-130.0,110.0,-110.0,-110.0,-112.0,-108.0,Jameis Winston,Cam Ward,92.0,19.0
2026,3,CIN,PIT,27,30,3.5,42.5,150.0,-180.0,-118.0,-102.0,-112.0,-108.0,Aaron Rodgers,Joe Burrow,280.0,86.0
2026,3,SEA,WAS,31,33,8.5,40.5,320.0,-410.0,-115.0,-105.0,-108.0,-112.0,Jayden Daniels,Drew Lock,25.0,26.0
2026,3,ARI,SF,30,36,-7.5,48.5,-395.0,310.0,-110.0,-110.0,-112.0,-108.0,Brock Purdy,Jacoby Brissett,55.0,67.0
2026,3,MIN,TB,23,16,1.5,42.5,-108.0,-112.0,-118.0,-102.0,-112.0,-108.0,Baker Mayfield,Kyler Murray,127.0,88.0
2026,3,BAL,DAL,34,31,3.0,53.5,142.0,-170.0,100.0,-120.0,-120.0,100.0,Dak Prescott,Lamar Jackson,147.0,117.0
2026,3,LV,NO,35,27,-3.5,43.5,-192.0,160.0,-108.0,-112.0,-118.0,-102.0,Tyler Shough,Kirk Cousins,11.0,173.0
2026,3,LA,DEN,26,30,-1.5,43.5,-112.0,-108.0,102.0,-122.0,-115.0,-105.0,Bo Nix,Matthew Stafford,38.0,254.0
2026,3,PHI,CHI,7,27,3.5,42.5,164.0,-198.0,-108.0,-112.0,-108.0,-112.0,Case Keenum,Jalen Hurts,68.0,95.0
2026,4,PIT,CLE,24,27,2.5,38.5,124.0,-148.0,100.0,-120.0,-105.0,-115.0,Deshaun Watson,Aaron Rodgers,78.0,281.0
2026,4,IND,WAS,30,13,4.5,46.5,190.0,-230.0,-102.0,-118.0,-108.0,-112.0,Marcus Mariota,Daniel Jones,88.0,87.0
2026,4,TEN,BAL,18,24,-11.5,42.5,-800.0,550.0,-110.0,-110.0,-105.0,-115.0,Lamar Jackson,Cam Ward,118.0,20.0
2026,4,NE,BUF,29,26,-7.0,49.5,-345.0,275.0,-110.0,-110.0,-108.0,-112.0,Josh Allen,Drake Maye,142.0,35.0
2026,4,NYJ,CHI,12,23,-3.5,43.5,-192.0,160.0,-110.0,-110.0,-110.0,-110.0,Case Keenum,Geno Smith,69.0,102.0
2026,4,JAX,CIN,22,17,-2.5,51.5,-148.0,124.0,-118.0,-102.0,-110.0,-110.0,Joe Burrow,Trevor Lawrence,87.0,83.0
2026,4,DAL,HOU,34,30,-3.0,48.5,-155.0,130.0,-105.0,-115.0,-112.0,-108.0,C.J. Stroud,Dak Prescott,54.0,148.0
2026,4,ARI,NYG,24,36,2.5,44.5,114.0,-135.0,-110.0,-110.0,-105.0,-115.0,Jameis Winston,Jacoby Brissett,93.0,68.0
2026,4,LA,PHI,24,20,3.5,42.5,164.0,-198.0,100.0,-120.0,-120.0,100.0,Jalen Hurts,Matthew Stafford,96.0,255.0
2026,4,GB,TB,17,14,3.0,38.5,130.0,-155.0,-115.0,-105.0,-115.0,-105.0,Jalon Daniels,Jordan Love,0.0,55.0
2026,4,MIA,MIN,10,15,-10.0,38.5,-535.0,400.0,-105.0,-115.0,-108.0,-112.0,Kyler Murray,Malik Willis,89.0,9.0
2026,4,KC,LV,30,27,4.5,47.5,185.0,-225.0,100.0,-120.0,-105.0,-115.0,Kirk Cousins,Patrick Mahomes,174.0,150.0
2026,4,LAC,SEA,23,30,-7.0,42.5,-345.0,275.0,-108.0,-112.0,-118.0,-102.0,Drew Lock,Justin Herbert,27.0,100.0
2026,4,DEN,SF,14,24,-3.0,48.5,-166.0,140.0,-105.0,-115.0,-105.0,-115.0,Brock Purdy,Bo Nix,56.0,39.0
2026,4,DET,CAR,26,32,4.5,52.5,185.0,-225.0,-115.0,-105.0,-105.0,-115.0,Bryce Young,Jared Goff,45.0,163.0
2026,4,ATL,NO,45,24,-1.5,47.5,-118.0,-102.0,100.0,-120.0,-112.0,-108.0,Tyler Shough,Michael Penix Jr.,12.0,4.0
2026,5,TB,DAL,24,16,-9.5,49.5,-535.0,400.0,-108.0,-112.0,-110.0,-110.0,Dak Prescott,Jalon Daniels,149.0,1.0
2026,5,PHI,JAX,,,-7.5,41.5,-395.0,310.0,-108.0,-112.0,-112.0,-108.0,Trevor Lawrence,Jalen Hurts,84.0,97.0
2026,5,CHI,GB,,,1.5,45.5,100.0,-120.0,-110.0,-110.0,-118.0,-102.0,Jordan Love,Tyson Bagent,56.0,4.0
2026,5,CIN,MIA,,,6.5,43.5,260.0,-325.0,100.0,-120.0,-105.0,-115.0,Malik Willis,Joe Burrow,10.0,88.0
2026,5,LV,NE,,,-3.5,45.5,-192.0,160.0,-110.0,-110.0,-105.0,-115.0,Drake Maye,Kirk Cousins,36.0,175.0
2026,5,MIN,NO,,,2.5,41.5,120.0,-142.0,-112.0,-108.0,-112.0,-108.0,Tyler Shough,Kyler Murray,13.0,90.0
2026,5,CLE,NYJ,,,-2.5,39.5,-135.0,114.0,-110.0,-110.0,-112.0,-108.0,Geno Smith,Deshaun Watson,103.0,79.0
2026,5,IND,PIT,,,-2.5,43.5,-148.0,124.0,-118.0,-102.0,-115.0,-105.0,Aaron Rodgers,Daniel Jones,282.0,88.0
2026,5,HOU,TEN,,,7.5,37.5,330.0,-425.0,-115.0,-105.0,-115.0,-105.0,Cam Ward,C.J. Stroud,21.0,55.0
2026,5,NYG,WAS,,,-3.5,41.5,-192.0,160.0,-118.0,-102.0,-115.0,-105.0,Jayden Daniels,Jameis Winston,26.0,94.0
2026,5,DEN,LAC,,,3.5,41.5,150.0,-180.0,-118.0,-102.0,-115.0,-105.0,Justin Herbert,Bo Nix,101.0,40.0
2026,5,DET,ARI,,,5.5,54.5,210.0,-258.0,-110.0,-110.0,-115.0,-105.0,Jacoby Brissett,Jared Goff,69.0,164.0
2026,5,SF,SEA,,,-3.0,45.5,-162.0,136.0,-110.0,-110.0,-115.0,-105.0,Drew Lock,Brock Purdy,28.0,57.0
2026,5,BAL,ATL,,,-3.0,43.5,-175.0,145.0,-120.0,100.0,-115.0,-105.0,Michael Penix Jr.,Lamar Jackson,5.0,119.0
2026,5,BUF,LA,,,-3.0,54.5,-175.0,145.0,-120.0,100.0,-118.0,-102.0,Matthew Stafford,Josh Allen,256.0,143.0
2026,6,SEA,DEN,,,1.5,42.5,105.0,-125.0,-110.0,-110.0,-110.0,-110.0,,,,
2026,6,HOU,JAX,,,-3.0,43.5,-175.0,145.0,-118.0,-102.0,-110.0,-110.0,,,,
2026,6,CHI,ATL,,,1.5,47.5,105.0,-125.0,-110.0,-110.0,-110.0,-110.0,,,,
2026,6,BAL,CLE,,,3.0,41.5,142.0,-170.0,-105.0,-115.0,-110.0,-110.0,,,,
2026,6,TEN,IND,,,-6.5,44.5,-298.0,240.0,-110.0,-110.0,-110.0,-110.0,,,,
2026,6,NYJ,NE,,,-7.0,43.5,-340.0,270.0,-105.0,-115.0,-115.0,-105.0,,,,
2026,6,NO,NYG,,,1.5,45.5,-102.0,-118.0,-115.0,-105.0,-110.0,-110.0,,,,
2026,6,CAR,PHI,,,-2.5,43.5,-130.0,110.0,-105.0,-115.0,-115.0,-105.0,,,,
2026,6,PIT,TB,,,2.5,39.5,114.0,-134.0,-110.0,-110.0,-106.0,-114.0,,,,
2026,6,ARI,LA,,,-10.5,51.5,-650.0,470.0,-110.0,-110.0,-105.0,-115.0,,,,
2026,6,LAC,KC,,,-7.5,45.5,-380.0,300.0,-110.0,-110.0,-110.0,-110.0,,,,
2026,6,BUF,LV,,,4.5,51.5,190.0,-230.0,-110.0,-110.0,-110.0,-110.0,,,,
2026,6,DAL,GB,,,1.5,50.5,108.0,-126.0,-110.0,-110.0,-118.0,-104.0,,,,
2026,6,WAS,SF,,,-7.5,50.5,-425.0,330.0,-110.0,-110.0,-110.0,-110.0,,,,
2026,7,NE,CHI,,,,,,,,,,,,,,
2026,7,PIT,NO,,,,,,,,,,,,,,
2026,7,SF,ATL,,,,,,,,,,,,,,
2026,7,CIN,BAL,,,,,,,,,,,,,,
2026,7,TB,CAR,,,,,,,,,,,,,,
2026,7,NYG,HOU,,,,,,,,,,,,,,
2026,7,IND,MIN,,,,,,,,,,,,,,
2026,7,MIA,NYJ,,,,,,,,,,,,,,
2026,7,CLE,TEN,,,,,,,,,,,,,,
2026,7,DEN,ARI,,,,,,,,,,,,,,
2026,7,GB,DET,,,,,,,,,,,,,,
2026,7,LA,LV,,,,,,,,,,,,,,
2026,7,KC,SEA,,,,,,,,,,,,,,
2026,7,DAL,PHI,,,,,,,,,,,,,,
2026,8,CAR,GB,,,,,,,,,,,,,,
2026,8,BAL,BUF,,,,,,,,,,,,,,
2026,8,TEN,CIN,,,,,,,,,,,,,,
2026,8,ARI,DAL,,,,,,,,,,,,,,
2026,8,MIN,DET,,,,,,,,,,,,,,
2026,8,IND,JAX,,,,,,,,,,,,,,
2026,8,LV,NYJ,,,,,,,,,,,,,,
2026,8,CLE,PIT,,,,,,,,,,,,,,
2026,8,ATL,TB,,,,,,,,,,,,,,
2026,8,LAC,LA,,,,,,,,,,,,,,
2026,8,KC,DEN,,,,,,,,,,,,,,
2026,8,NE,MIA,,,,,,,,,,,,,,
2026,8,PHI,WAS,,,,,,,,,,,,,,
2026,8,CHI,SEA,,,,,,,,,,,,,,
2026,9,JAX,BAL,,,,,,,,,,,,,,
2026,9,CIN,ATL,,,,,,,,,,,,,,
2026,9,DEN,CAR,,,,,,,,,,,,,,
2026,9,DAL,IND,,,,,,,,,,,,,,
2026,9,NYJ,KC,,,,,,,,,,,,,,
2026,9,DET,MIA,,,,,,,,,,,,,,
2026,9,CLE,NO,,,,,,,,,,,,,,
2026,9,NYG,PHI,,,,,,,,,,,,,,
2026,9,LA,WAS,,,,,,,,,,,,,,
2026,9,HOU,LAC,,,,,,,,,,,,,,
2026,9,LV,SF,,,,,,,,,,,,,,
2026,9,GB,NE,,,,,,,,,,,,,,
2026,9,ARI,SEA,,,,,,,,,,,,,,
2026,9,TB,CHI,,,,,,,,,,,,,,
2026,9,BUF,MIN,,,,,,,,,,,,,,
2026,10,WAS,NYG,,,,,,,,,,,,,,
2026,10,NE,DET,,,,,,,,,,,,,,
2026,10,KC,ATL,,,,,,,,,,,,,,
2026,10,HOU,CLE,,,,,,,,,,,,,,
2026,10,MIN,GB,,,,,,,,,,,,,,
2026,10,MIA,IND,,,,,,,,,,,,,,
2026,10,CAR,NO,,,,,,,,,,,,,,
2026,10,BUF,NYJ,,,,,,,,,,,,,,
2026,10,JAX,TEN,,,,,,,,,,,,,,
2026,10,LA,ARI,,,,,,,,,,,,,,
2026,10,SEA,LV,,,,,,,,,,,,,,
2026,10,SF,DAL,,,,,,,,,,,,,,
2026,10,PIT,CIN,,,,,,,,,,,,,,
2026,10,LAC,BAL,,,,,,,,,,,,,,
2026,11,IND,HOU,,,,,,,,,,,,,,
2026,11,MIA,BUF,,,,,,,,,,,,,,
2026,11,BAL,CAR,,,,,,,,,,,,,,
2026,11,NO,CHI,,,,,,,,,,,,,,
2026,11,TEN,DAL,,,,,,,,,,,,,,
2026,11,TB,DET,,,,,,,,,,,,,,
2026,11,ARI,KC,,,,,,,,,,,,,,
2026,11,JAX,NYG,,,,,,,,,,,,,,
2026,11,NYJ,LAC,,,,,,,,,,,,,,
2026,11,LV,DEN,,,,,,,,,,,,,,
2026,11,PIT,PHI,,,,,,,,,,,,,,
2026,11,MIN,SF,,,,,,,,,,,,,,
2026,11,CIN,WAS,,,,,,,,,,,,,,
2026,12,GB,LA,,,,,,,,,,,,,,
2026,12,CHI,DET,,,,,,,,,,,,,,
2026,12,PHI,DAL,,,,,,,,,,,,,,
2026,12,KC,BUF,,,,,,,,,,,,,,
2026,12,DEN,PIT,,,,,,,,,,,,,,
2026,12,NO,CIN,,,,,,,,,,,,,,
2026,12,LV,CLE,,,,,,,,,,,,,,
2026,12,BAL,HOU,,,,,,,,,,,,,,
2026,12,NYG,IND,,,,,,,,,,,,,,
2026,12,NYJ,MIA,,,,,,,,,,,,,,
2026,12,ATL,MIN,,,,,,,,,,,,,,
2026,12,TEN,JAX,,,,,,,,,,,,,,
2026,12,WAS,ARI,,,,,,,,,,,,,,
2026,12,SEA,SF,,,,,,,,,,,,,,
2026,12,NE,LAC,,,,,,,,,,,,,,
2026,12,CAR,TB,,,,,,,,,,,,,,
2026,13,KC,LA,,,,,,,,,,,,,,
2026,13,DET,ATL,,,,,,,,,,,,,,
2026,13,JAX,CHI,,,,,,,,,,,,,,
2026,13,CIN,CLE,,,,,,,,,,,,,,
2026,13,GB,NO,,,,,,,,,,,,,,
2026,13,SF,NYG,,,,,,,,,,,,,,
2026,13,LAC,TB,,,,,,,,,,,,,,
2026,13,WAS,TEN,,,,,,,,,,,,,,
2026,13,PHI,ARI,,,,,,,,,,,,,,
2026,13,MIA,DEN,,,,,,,,,,,,,,
2026,13,CAR,MIN,,,,,,,,,,,,,,
2026,13,BUF,NE,,,,,,,,,,,,,,
2026,13,HOU,PIT,,,,,,,,,,,,,,
2026,13,DAL,SEA,,,,,,,,,,,,,,
2026,14,MIN,NE,,,,,,,,,,,,,,
2026,14,TB,BAL,,,,,,,,,,,,,,
2026,14,NO,CAR,,,,,,,,,,,,,,
2026,14,ATL,CLE,,,,,,,,,,,,,,
2026,14,TEN,DET,,,,,,,,,,,,,,
2026,14,CHI,MIA,,,,,,,,,,,,,,
2026,14,DEN,NYJ,,,,,,,,,,,,,,
2026,14,IND,PHI,,,,,,,,,,,,,,
2026,14,HOU,WAS,,,,,,,,,,,,,,
2026,14,LAC,LV,,,,,,,,,,,,,,
2026,14,KC,CIN,,,,,,,,,,,,,,
2026,14,NYG,SEA,,,,,,,,,,,,,,
2026,14,LA,SF,,,,,,,,,,,,,,
2026,14,BUF,GB,,,,,,,,,,,,,,
2026,14,PIT,JAX,,,,,,,,,,,,,,
2026,15,SF,LAC,,,,,,,,,,,,,,
2026,15,SEA,PHI,,,,,,,,,,,,,,
2026,15,CHI,BUF,,,,,,,,,,,,,,
2026,15,CIN,CAR,,,,,,,,,,,,,,
2026,15,MIA,GB,,,,,,,,,,,,,,
2026,15,JAX,HOU,,,,,,,,,,,,,,
2026,15,CLE,NYG,,,,,,,,,,,,,,
2026,15,BAL,PIT,,,,,,,,,,,,,,
2026,15,NO,TB,,,,,,,,,,,,,,
2026,15,IND,TEN,,,,,,,,,,,,,,
2026,15,ATL,WAS,,,,,,,,,,,,,,
2026,15,NYJ,ARI,,,,,,,,,,,,,,
2026,15,DAL,LA,,,,,,,,,,,,,,
2026,15,DEN,LV,,,,,,,,,,,,,,
2026,15,DET,MIN,,,,,,,,,,,,,,
2026,15,NE,KC,,,,,,,,,,,,,,
2026,16,HOU,PHI,,,,,,,,,,,,,,
2026,16,GB,CHI,,,,,,,,,,,,,,
2026,16,BUF,DEN,,,,,,,,,,,,,,
2026,16,LA,SEA,,,,,,,,,,,,,,
2026,16,TB,ATL,,,,,,,,,,,,,,
2026,16,CLE,BAL,,,,,,,,,,,,,,
2026,16,CIN,IND,,,,,,,,,,,,,,
2026,16,LAC,MIA,,,,,,,,,,,,,,
2026,16,WAS,MIN,,,,,,,,,,,,,,
2026,16,ARI,NO,,,,,,,,,,,,,,
2026,16,NE,NYJ,,,,,,,,,,,,,,
2026,16,CAR,PIT,,,,,,,,,,,,,,
2026,16,TEN,LV,,,,,,,,,,,,,,
2026,16,SF,KC,,,,,,,,,,,,,,
2026,16,JAX,DAL,,,,,,,,,,,,,,
2026,16,NYG,DET,,,,,,,,,,,,,,
2026,17,BAL,CIN,,,,,,,,,,,,,,
2026,17,NO,ATL,,,,,,,,,,,,,,
2026,17,SEA,CAR,,,,,,,,,,,,,,
2026,17,IND,CLE,,,,,,,,,,,,,,
2026,17,NYG,DAL,,,,,,,,,,,,,,
2026,17,WAS,JAX,,,,,,,,,,,,,,
2026,17,KC,LAC,,,,,,,,,,,,,,
2026,17,BUF,MIA,,,,,,,,,,,,,,
2026,17,DEN,NE,,,,,,,,,,,,,,
2026,17,MIN,NYJ,,,,,,,,,,,,,,
2026,17,LA,TB,,,,,,,,,,,,,,
2026,17,PIT,TEN,,,,,,,,,,,,,,
2026,17,LV,ARI,,,,,,,,,,,,,,
2026,17,DET,CHI,,,,,,,,,,,,,,
2026,17,PHI,SF,,,,,,,,,,,,,,
2026,17,HOU,GB,,,,,,,,,,,,,,
2026,18,SF,ARI,,,,,,,,,,,,,,
2026,18,PIT,BAL,,,,,,,,,,,,,,
2026,18,NYJ,BUF,,,,,,,,,,,,,,
2026,18,ATL,CAR,,,,,,,,,,,,,,
2026,18,CLE,CIN,,,,,,,,,,,,,,
2026,18,LAC,DEN,,,,,,,,,,,,,,
2026,18,DET,GB,,,,,,,,,,,,,,
2026,18,TEN,HOU,,,,,,,,,,,,,,
2026,18,JAX,IND,,,,,,,,,,,,,,
2026,18,LV,KC,,,,,,,,,,,,,,
2026,18,SEA,LA,,,,,,,,,,,,,,
2026,18,CHI,MIN,,,,,,,,,,,,,,
2026,18,MIA,NE,,,,,,,,,,,,,,
2026,18,TB,NO,,,,,,,,,,,,,,
2026,18,PHI,NYG,,,,,,,,,,,,,,
2026,18,DAL,WAS,,,,,,,,,,,,,,
