season,team,week,opp,pf,pa,pass,rush,pass_a,rush_a,ptd,rtd,ptd_a,rtd_a
2025,ARI,1,NO,20.0,13.0,163,146,214,107,2,0,0,1
2025,ATL,1,TB,20.0,23.0,298,69,167,101,1,1,3,0
2025,BAL,1,BUF,40.0,41.0,209,238,394,108,2,3,2,3
2025,BUF,1,BAL,41.0,40.0,394,108,209,238,2,3,2,3
2025,CAR,1,JAX,10.0,26.0,154,113,178,200,1,0,1,1
2025,CHI,1,MIN,24.0,27.0,210,119,143,120,1,1,2,1
2025,CIN,1,CLE,17.0,16.0,113,46,290,49,1,1,1,1
2025,CLE,1,CIN,16.0,17.0,290,49,113,46,1,1,1,1
2025,DAL,1,PHI,20.0,24.0,188,119,152,158,0,2,0,3
2025,DEN,1,TEN,20.0,12.0,176,151,112,71,1,1,0,0
2025,DET,1,GB,13.0,27.0,225,46,188,78,1,0,2,1
2025,GB,1,DET,27.0,13.0,188,78,225,46,2,1,1,0
2025,HOU,1,LA,9.0,14.0,188,114,245,72,0,0,1,1
2025,IND,1,MIA,33.0,8.0,272,156,146,78,1,2,1,0
2025,JAX,1,CAR,26.0,10.0,178,200,154,113,1,1,1,0
2025,KC,1,LAC,21.0,27.0,258,98,318,90,1,1,3,0
2025,LA,1,HOU,14.0,9.0,245,72,188,114,1,1,0,0
2025,LAC,1,KC,27.0,21.0,318,90,258,98,3,0,1,1
2025,LV,1,NE,20.0,13.0,362,56,287,60,1,1,1,0
2025,MIA,1,IND,8.0,33.0,146,78,272,156,1,0,1,2
2025,MIN,1,CHI,27.0,24.0,143,120,210,119,2,1,1,1
2025,NE,1,LV,13.0,20.0,287,60,362,56,1,0,1,1
2025,NO,1,ARI,13.0,20.0,214,107,163,146,0,1,2,0
2025,NYG,1,WAS,6.0,21.0,168,74,233,220,0,0,1,2
2025,NYJ,1,PIT,32.0,34.0,218,182,244,53,1,3,4,0
2025,PHI,1,DAL,24.0,20.0,152,158,188,119,0,3,0,2
2025,PIT,1,NYJ,34.0,32.0,244,53,218,182,4,0,1,3
2025,SEA,1,SF,13.0,17.0,150,84,277,119,0,1,2,0
2025,SF,1,SEA,17.0,13.0,277,119,150,84,2,0,0,1
2025,TB,1,ATL,23.0,20.0,167,101,298,69,3,0,1,1
2025,TEN,1,DEN,12.0,20.0,112,71,176,151,0,0,1,1
2025,WAS,1,NYG,21.0,6.0,233,220,168,74,1,2,0,0
2025,ARI,2,CAR,27.0,22.0,220,82,328,49,1,1,3,0
2025,ATL,2,MIN,22.0,6.0,135,218,158,78,0,1,0,0
2025,BAL,2,CLE,41.0,17.0,225,45,218,115,4,0,2,0
2025,BUF,2,NYJ,30.0,10.0,180,224,83,100,0,3,1,0
2025,CAR,2,ARI,22.0,27.0,328,49,220,82,3,0,1,1
2025,CHI,2,DET,21.0,52.0,234,134,334,177,2,1,5,2
2025,CIN,2,JAX,31.0,27.0,317,48,271,139,3,1,3,0
2025,CLE,2,BAL,17.0,41.0,218,115,225,45,2,0,4,0
2025,DAL,2,NYG,40.0,37.0,361,135,450,84,2,2,3,1
2025,DEN,2,IND,28.0,29.0,206,118,316,167,3,1,1,1
2025,DET,2,CHI,52.0,21.0,334,177,234,134,5,2,2,1
2025,GB,2,WAS,27.0,18.0,292,135,200,51,2,1,2,0
2025,HOU,2,TB,19.0,20.0,207,84,215,169,1,1,2,1
2025,IND,2,DEN,29.0,28.0,316,167,206,118,1,1,3,1
2025,JAX,2,CIN,27.0,31.0,271,139,317,48,3,0,3,1
2025,KC,2,PHI,17.0,20.0,187,121,101,122,1,1,0,2
2025,LA,2,TEN,33.0,19.0,298,149,175,109,2,2,1,0
2025,LAC,2,LV,20.0,9.0,242,81,180,68,2,0,0,0
2025,LV,2,LAC,9.0,20.0,180,68,242,81,0,0,2,0
2025,MIA,2,NE,27.0,33.0,315,61,230,122,2,0,2,1
2025,MIN,2,ATL,6.0,22.0,158,78,135,218,0,0,0,1
2025,NE,2,MIA,33.0,27.0,230,122,315,61,2,1,2,0
2025,NO,2,SF,21.0,26.0,207,121,279,77,3,0,3,0
2025,NYG,2,DAL,37.0,40.0,450,84,361,135,3,1,2,2
2025,NYJ,2,BUF,10.0,30.0,83,100,180,224,1,0,0,3
2025,PHI,2,KC,20.0,17.0,101,122,187,121,0,2,1,1
2025,PIT,2,SEA,17.0,31.0,215,72,295,117,1,0,2,1
2025,SEA,2,PIT,31.0,17.0,295,117,215,72,2,1,1,0
2025,SF,2,NO,26.0,21.0,279,77,207,121,3,0,3,0
2025,TB,2,HOU,20.0,19.0,215,169,207,84,2,1,1,1
2025,TEN,2,LA,19.0,33.0,175,109,298,149,1,0,2,2
2025,WAS,2,GB,18.0,27.0,200,51,292,135,2,0,2,1
2025,ARI,3,SF,15.0,16.0,159,106,284,73,1,0,1,0
2025,ATL,3,CAR,0.0,30.0,201,131,121,110,0,0,0,2
2025,BAL,3,DET,30.0,38.0,288,85,202,224,3,1,1,4
2025,BUF,3,MIA,31.0,21.0,213,157,146,130,3,1,2,1
2025,CAR,3,ATL,30.0,0.0,121,110,201,131,0,2,0,0
2025,CHI,3,DAL,31.0,14.0,298,87,292,121,4,0,1,0
2025,CIN,3,MIN,10.0,48.0,140,53,202,169,1,0,2,2
2025,CLE,3,GB,13.0,10.0,142,96,183,81,0,1,1,0
2025,DAL,3,CHI,14.0,31.0,292,121,298,87,1,0,4,0
2025,DEN,3,LAC,20.0,23.0,153,118,300,106,1,1,1,1
2025,DET,3,BAL,38.0,30.0,202,224,288,85,1,4,3,1
2025,GB,3,CLE,10.0,13.0,183,81,142,96,1,0,0,1
2025,HOU,3,JAX,10.0,17.0,204,87,222,86,1,0,0,2
2025,IND,3,TEN,41.0,20.0,228,137,219,86,1,3,1,1
2025,JAX,3,HOU,17.0,10.0,222,86,204,87,0,2,1,0
2025,KC,3,NYG,22.0,9.0,224,105,160,130,1,1,0,1
2025,LA,3,PHI,26.0,33.0,196,160,226,86,2,0,3,1
2025,LAC,3,DEN,23.0,20.0,300,106,153,118,1,1,1,1
2025,LV,3,WAS,24.0,41.0,289,93,207,201,3,0,1,3
2025,MIA,3,BUF,21.0,31.0,146,130,213,157,2,1,3,1
2025,MIN,3,CIN,48.0,10.0,202,169,140,53,2,2,1,0
2025,NE,3,PIT,14.0,21.0,268,119,139,64,2,0,2,1
2025,NO,3,SEA,13.0,44.0,218,79,233,87,1,0,2,2
2025,NYG,3,KC,9.0,22.0,160,130,224,105,0,1,1,1
2025,NYJ,3,TB,27.0,29.0,197,99,233,122,2,0,1,0
2025,PHI,3,LA,33.0,26.0,226,86,196,160,3,1,2,0
2025,PIT,3,NE,21.0,14.0,139,64,268,119,2,1,2,0
2025,SEA,3,NO,44.0,13.0,233,87,218,79,2,2,1,0
2025,SF,3,ARI,16.0,15.0,284,73,159,106,1,0,1,0
2025,TB,3,NYJ,29.0,27.0,233,122,197,99,1,0,2,0
2025,TEN,3,IND,20.0,41.0,219,86,228,137,1,1,1,3
2025,WAS,3,LV,41.0,24.0,207,201,289,93,1,3,3,0
2025,ARI,4,SEA,20.0,23.0,200,89,242,155,2,0,1,1
2025,ATL,4,WAS,34.0,27.0,313,128,156,147,2,2,2,0
2025,BAL,4,KC,20.0,37.0,199,166,270,118,1,1,4,0
2025,BUF,4,NO,31.0,19.0,209,165,126,189,2,2,1,1
2025,CAR,4,NE,13.0,42.0,208,129,203,104,2,0,2,3
2025,CHI,4,LV,25.0,24.0,212,69,117,240,1,1,2,1
2025,CIN,4,DEN,3.0,28.0,125,53,326,186,0,0,2,2
2025,CLE,4,DET,10.0,34.0,184,79,168,109,0,1,2,1
2025,DAL,4,GB,40.0,40.0,319,117,337,164,3,2,3,2
2025,DEN,4,CIN,28.0,3.0,326,186,125,53,2,2,0,0
2025,DET,4,CLE,34.0,10.0,168,109,184,79,2,1,0,1
2025,GB,4,DAL,40.0,40.0,337,164,319,117,3,2,3,2
2025,HOU,4,TEN,26.0,0.0,233,129,108,82,2,1,0,0
2025,IND,4,LA,20.0,27.0,262,85,375,102,1,1,3,0
2025,JAX,4,SF,26.0,21.0,174,151,309,83,1,1,2,0
2025,KC,4,BAL,37.0,20.0,270,118,199,166,4,0,1,1
2025,LA,4,IND,27.0,20.0,375,102,262,85,3,0,1,1
2025,LAC,4,NYG,18.0,21.0,203,152,119,161,1,1,1,1
2025,LV,4,CHI,24.0,25.0,117,240,212,69,2,1,1,1
2025,MIA,4,NYJ,27.0,21.0,177,123,226,197,2,1,1,1
2025,MIN,4,PIT,21.0,24.0,350,70,200,131,2,0,1,2
2025,NE,4,CAR,42.0,13.0,203,104,208,129,2,3,2,0
2025,NO,4,BUF,19.0,31.0,126,189,209,165,1,1,2,2
2025,NYG,4,LAC,21.0,18.0,119,161,203,152,1,1,1,1
2025,NYJ,4,MIA,21.0,27.0,226,197,177,123,1,1,2,1
2025,PHI,4,TB,31.0,25.0,130,88,289,104,2,1,2,0
2025,PIT,4,MIN,24.0,21.0,200,131,350,70,1,2,2,0
2025,SEA,4,ARI,23.0,20.0,242,155,200,89,1,1,2,0
2025,SF,4,JAX,21.0,26.0,309,83,174,151,2,0,1,1
2025,TB,4,PHI,25.0,31.0,289,104,130,88,2,0,2,1
2025,TEN,4,HOU,0.0,26.0,108,82,233,129,0,0,2,1
2025,WAS,4,ATL,27.0,34.0,156,147,313,128,2,0,2,2
2025,ARI,5,TEN,21.0,22.0,220,168,265,78,0,3,0,1
2025,BAL,5,HOU,10.0,44.0,179,44,267,167,0,1,4,1
2025,BUF,5,NE,20.0,23.0,253,118,273,71,2,0,0,2
2025,CAR,5,MIA,27.0,24.0,198,239,256,19,2,1,3,0
2025,CIN,5,DET,24.0,37.0,251,85,261,118,3,0,4,1
2025,CLE,5,MIN,17.0,21.0,190,140,268,97,2,0,2,1
2025,DAL,5,NYJ,37.0,22.0,237,180,283,144,4,1,2,0
2025,DEN,5,PHI,21.0,17.0,242,130,280,45,1,1,2,0
2025,DET,5,CIN,37.0,24.0,261,118,251,85,4,1,3,0
2025,HOU,5,BAL,44.0,10.0,267,167,179,44,4,1,0,1
2025,IND,5,LV,40.0,6.0,221,96,228,106,2,4,0,0
2025,JAX,5,KC,31.0,28.0,221,109,318,158,1,2,1,3
2025,KC,5,JAX,28.0,31.0,318,158,221,109,1,3,1,2
2025,LA,5,SF,23.0,26.0,389,78,342,74,3,0,2,0
2025,LAC,5,WAS,10.0,27.0,210,155,231,163,1,0,1,2
2025,LV,5,IND,6.0,40.0,228,106,221,96,0,0,2,4
2025,MIA,5,CAR,24.0,27.0,256,19,198,239,3,0,2,1
2025,MIN,5,CLE,21.0,17.0,268,97,190,140,2,1,2,0
2025,NE,5,BUF,23.0,20.0,273,71,253,118,0,2,2,0
2025,NO,5,NYG,26.0,14.0,244,88,202,136,1,0,2,0
2025,NYG,5,NO,14.0,26.0,202,136,244,88,2,0,1,0
2025,NYJ,5,DAL,22.0,37.0,283,144,237,180,2,0,4,1
2025,PHI,5,DEN,17.0,21.0,280,45,242,130,2,0,1,1
2025,SEA,5,TB,35.0,38.0,341,122,379,56,4,1,2,2
2025,SF,5,LA,26.0,23.0,342,74,389,78,2,0,3,0
2025,TB,5,SEA,38.0,35.0,379,56,341,122,2,2,4,1
2025,TEN,5,ARI,22.0,21.0,265,78,220,168,0,1,0,3
2025,WAS,5,LAC,27.0,10.0,231,163,210,155,1,2,1,0
2025,ARI,6,IND,27.0,31.0,320,88,212,150,2,1,2,2
2025,ATL,6,BUF,24.0,14.0,250,210,180,134,1,2,2,0
2025,BAL,6,LA,3.0,17.0,140,179,181,74,0,0,1,1
2025,BUF,6,ATL,14.0,24.0,180,134,250,210,2,0,1,2
2025,CAR,6,DAL,30.0,27.0,199,216,261,31,3,0,3,0
2025,CHI,6,WAS,25.0,24.0,252,150,211,124,1,1,3,0
2025,CIN,6,GB,18.0,27.0,219,55,259,153,2,0,1,2
2025,CLE,6,PIT,9.0,23.0,221,65,235,100,0,0,2,0
2025,DAL,6,CAR,27.0,30.0,261,31,199,216,3,0,3,0
2025,DEN,6,NYJ,13.0,11.0,174,78,45,92,1,0,0,0
2025,DET,6,KC,17.0,30.0,203,98,257,112,2,0,3,1
2025,GB,6,CIN,27.0,18.0,259,153,219,55,1,2,2,0
2025,IND,6,ARI,31.0,27.0,212,150,320,88,2,2,2,1
2025,JAX,6,SEA,12.0,20.0,258,59,295,60,2,0,2,0
2025,KC,6,DET,30.0,17.0,257,112,203,98,3,1,2,0
2025,LA,6,BAL,17.0,3.0,181,74,140,179,1,1,0,0
2025,LAC,6,MIA,29.0,27.0,264,140,213,137,2,0,1,2
2025,LV,6,TEN,20.0,10.0,174,68,222,65,1,1,1,0
2025,MIA,6,LAC,27.0,29.0,213,137,264,140,1,2,2,0
2025,NE,6,NO,25.0,19.0,261,73,227,73,3,0,0,1
2025,NO,6,NE,19.0,25.0,227,73,261,73,0,1,3,0
2025,NYG,6,PHI,34.0,17.0,195,172,283,73,1,4,1,1
2025,NYJ,6,DEN,11.0,13.0,45,92,174,78,0,0,1,0
2025,PHI,6,NYG,17.0,34.0,283,73,195,172,1,1,1,4
2025,PIT,6,CLE,23.0,9.0,235,100,221,65,2,0,0,0
2025,SEA,6,JAX,20.0,12.0,295,60,258,59,2,0,2,0
2025,SF,6,TB,19.0,30.0,347,67,256,104,0,1,2,2
2025,TB,6,SF,30.0,19.0,256,104,347,67,2,2,0,1
2025,TEN,6,LV,10.0,20.0,222,65,174,68,1,0,1,1
2025,WAS,6,CHI,24.0,25.0,211,124,252,150,3,0,1,1
2025,ARI,7,GB,23.0,27.0,279,94,179,94,2,0,1,2
2025,ATL,7,SF,10.0,20.0,241,62,152,174,1,0,0,2
2025,CAR,7,NYJ,13.0,6.0,198,125,172,81,1,0,0,0
2025,CHI,7,NO,26.0,14.0,172,222,233,44,0,2,2,0
2025,CIN,7,PIT,33.0,31.0,342,142,249,147,3,0,4,0
2025,CLE,7,MIA,31.0,6.0,116,104,153,99,0,3,0,0
2025,DAL,7,WAS,44.0,22.0,264,152,219,136,3,1,1,2
2025,DEN,7,NYG,33.0,32.0,279,142,283,119,2,2,3,2
2025,DET,7,TB,24.0,9.0,241,164,228,41,1,2,1,0
2025,GB,7,ARI,27.0,23.0,179,94,279,94,1,2,2,0
2025,HOU,7,SEA,19.0,27.0,229,56,213,118,1,0,1,2
2025,IND,7,LAC,38.0,24.0,288,120,420,54,2,3,3,0
2025,JAX,7,LA,7.0,35.0,296,94,182,89,1,0,5,0
2025,KC,7,LV,31.0,0.0,286,152,75,25,3,1,0,0
2025,LA,7,JAX,35.0,7.0,182,89,296,94,5,0,1,0
2025,LAC,7,IND,24.0,38.0,420,54,288,120,3,0,2,3
2025,LV,7,KC,0.0,31.0,75,25,286,152,0,0,3,1
2025,MIA,7,CLE,6.0,31.0,153,99,116,104,0,0,0,3
2025,MIN,7,PHI,22.0,28.0,313,89,326,45,0,1,3,0
2025,NE,7,TEN,31.0,13.0,234,175,255,39,2,1,1,0
2025,NO,7,CHI,14.0,26.0,233,44,172,222,2,0,0,2
2025,NYG,7,DEN,32.0,33.0,283,119,279,142,3,2,2,2
2025,NYJ,7,CAR,6.0,13.0,172,81,198,125,0,0,1,0
2025,PHI,7,MIN,28.0,22.0,326,45,313,89,3,0,0,1
2025,PIT,7,CIN,31.0,33.0,249,147,342,142,4,0,3,0
2025,SEA,7,HOU,27.0,19.0,213,118,229,56,1,2,1,0
2025,SF,7,ATL,20.0,10.0,152,174,241,62,0,2,1,0
2025,TB,7,DET,9.0,24.0,228,41,241,164,1,0,1,2
2025,TEN,7,NE,13.0,31.0,255,39,234,175,1,0,2,1
2025,WAS,7,DAL,22.0,44.0,219,136,264,152,1,2,3,1
2025,ATL,8,MIA,10.0,34.0,173,45,205,141,0,1,4,0
2025,BAL,8,CHI,30.0,16.0,186,177,285,96,1,2,0,1
2025,BUF,8,CAR,40.0,9.0,185,245,175,114,1,4,0,1
2025,CAR,8,BUF,9.0,40.0,175,114,185,245,0,1,1,4
2025,CHI,8,BAL,16.0,30.0,285,96,186,177,0,1,1,2
2025,CIN,8,NYJ,38.0,39.0,223,181,248,254,2,3,2,2
2025,CLE,8,NE,13.0,32.0,156,68,282,177,2,0,3,0
2025,DAL,8,DEN,24.0,44.0,246,108,247,179,1,2,4,2
2025,DEN,8,DAL,44.0,24.0,247,179,246,108,4,2,1,2
2025,GB,8,PIT,35.0,25.0,360,94,219,93,3,1,2,0
2025,HOU,8,SF,26.0,15.0,318,157,193,48,2,0,2,0
2025,IND,8,TEN,38.0,14.0,272,164,259,113,3,2,1,1
2025,KC,8,WAS,28.0,7.0,299,148,213,60,3,1,1,0
2025,LAC,8,MIN,37.0,10.0,227,207,157,34,3,1,1,0
2025,MIA,8,ATL,34.0,10.0,205,141,173,45,4,0,0,1
2025,MIN,8,LAC,10.0,37.0,157,34,227,207,1,0,3,1
2025,NE,8,CLE,32.0,13.0,282,177,156,68,3,0,2,0
2025,NO,8,TB,3.0,23.0,264,48,152,88,0,0,0,1
2025,NYG,8,PHI,20.0,38.0,193,68,179,276,1,1,4,1
2025,NYJ,8,CIN,39.0,38.0,248,254,223,181,2,2,2,3
2025,PHI,8,NYG,38.0,20.0,179,276,193,68,4,1,1,1
2025,PIT,8,GB,25.0,35.0,219,93,360,94,2,0,3,1
2025,SF,8,HOU,15.0,26.0,193,48,318,157,2,0,2,0
2025,TB,8,NO,23.0,3.0,152,88,264,48,0,1,0,0
2025,TEN,8,IND,14.0,38.0,259,113,272,164,1,1,3,2
2025,WAS,8,KC,7.0,28.0,213,60,299,148,1,0,3,1
2025,ARI,9,DAL,27.0,17.0,261,119,250,123,2,1,1,0
2025,ATL,9,NE,23.0,24.0,221,71,259,110,3,0,2,1
2025,BAL,9,MIA,28.0,6.0,204,150,261,87,4,0,0,0
2025,BUF,9,KC,28.0,21.0,273,141,250,79,1,3,0,2
2025,CAR,9,GB,16.0,13.0,102,163,273,104,0,2,0,1
2025,CHI,9,CIN,47.0,42.0,302,283,470,46,4,2,4,0
2025,CIN,9,CHI,42.0,47.0,470,46,302,283,4,0,4,2
2025,DAL,9,ARI,17.0,27.0,250,123,261,119,1,0,2,1
2025,DEN,9,HOU,18.0,15.0,173,100,216,77,2,0,0,0
2025,DET,9,MIN,24.0,27.0,284,65,143,142,2,1,2,1
2025,GB,9,CAR,13.0,16.0,273,104,102,163,0,1,0,2
2025,HOU,9,DEN,15.0,18.0,216,77,173,100,0,0,2,0
2025,IND,9,PIT,20.0,27.0,342,55,203,38,1,1,1,2
2025,JAX,9,LV,30.0,29.0,220,151,284,57,0,3,4,0
2025,KC,9,BUF,21.0,28.0,250,79,273,141,0,2,1,3
2025,LA,9,NO,34.0,10.0,281,171,176,57,4,1,1,0
2025,LAC,9,TEN,27.0,20.0,250,131,145,88,2,1,0,0
2025,LV,9,JAX,29.0,30.0,284,57,220,151,4,0,0,3
2025,MIA,9,BAL,6.0,28.0,261,87,204,150,0,0,4,0
2025,MIN,9,DET,27.0,24.0,143,142,284,65,2,1,2,1
2025,NE,9,ATL,24.0,23.0,259,110,221,71,2,1,3,0
2025,NO,9,LA,10.0,34.0,176,57,281,171,1,0,4,1
2025,NYG,9,SF,24.0,34.0,191,117,235,159,2,1,2,2
2025,PIT,9,IND,27.0,20.0,203,38,342,55,1,2,1,1
2025,SEA,9,WAS,38.0,14.0,330,88,153,157,4,1,0,2
2025,SF,9,NYG,34.0,24.0,235,159,191,117,2,2,2,1
2025,TEN,9,LAC,20.0,27.0,145,88,250,131,0,0,2,1
2025,WAS,9,SEA,14.0,38.0,153,157,330,88,0,2,4,1
2025,ARI,10,SEA,22.0,44.0,258,129,178,198,2,1,1,2
2025,ATL,10,IND,25.0,31.0,177,140,255,323,1,2,1,3
2025,BAL,10,MIN,27.0,19.0,176,152,248,120,1,1,1,1
2025,BUF,10,MIA,13.0,30.0,306,87,173,197,2,0,2,2
2025,CAR,10,NO,7.0,17.0,124,73,282,122,0,1,2,0
2025,CHI,10,NYG,24.0,20.0,220,171,287,169,1,2,0,2
2025,CLE,10,NYJ,20.0,27.0,167,158,54,127,2,0,1,0
2025,DEN,10,LV,10.0,7.0,150,84,143,74,1,0,0,1
2025,DET,10,WAS,44.0,22.0,320,226,213,93,3,2,2,1
2025,GB,10,PHI,7.0,10.0,176,104,183,111,0,1,1,0
2025,HOU,10,JAX,36.0,29.0,292,130,158,94,2,2,1,1
2025,IND,10,ATL,31.0,25.0,255,323,177,140,1,3,1,2
2025,JAX,10,HOU,29.0,36.0,158,94,292,130,1,1,2,2
2025,LA,10,SF,42.0,26.0,280,126,319,74,4,2,3,1
2025,LAC,10,PIT,25.0,10.0,220,115,161,73,1,1,1,0
2025,LV,10,DEN,7.0,10.0,143,74,150,84,0,1,1,0
2025,MIA,10,BUF,30.0,13.0,173,197,306,87,2,2,2,0
2025,MIN,10,BAL,19.0,27.0,248,120,176,152,1,1,1,1
2025,NE,10,TB,28.0,23.0,270,166,273,113,2,2,3,0
2025,NO,10,CAR,17.0,7.0,282,122,124,73,2,0,0,1
2025,NYG,10,CHI,20.0,24.0,287,169,220,171,0,2,1,2
2025,NYJ,10,CLE,27.0,20.0,54,127,167,158,1,0,2,0
2025,PHI,10,GB,10.0,7.0,183,111,176,104,1,0,0,1
2025,PIT,10,LAC,10.0,25.0,161,73,220,115,1,0,1,1
2025,SEA,10,ARI,44.0,22.0,178,198,258,129,1,2,2,1
2025,SF,10,LA,26.0,42.0,319,74,280,126,3,1,4,2
2025,TB,10,NE,23.0,28.0,273,113,270,166,3,0,2,2
2025,WAS,10,DET,22.0,44.0,213,93,320,226,2,1,3,2
2025,ARI,11,SF,22.0,41.0,452,36,200,95,2,1,3,2
2025,ATL,11,CAR,27.0,30.0,223,125,448,67,0,3,3,0
2025,BAL,11,CLE,23.0,16.0,193,184,115,106,0,2,0,0
2025,BUF,11,TB,44.0,32.0,317,97,173,202,3,3,1,3
2025,CAR,11,ATL,30.0,27.0,448,67,223,125,3,0,0,3
2025,CHI,11,MIN,19.0,17.0,193,140,150,115,0,1,1,1
2025,CIN,11,PIT,12.0,34.0,199,105,243,111,1,0,2,0
2025,CLE,11,BAL,16.0,23.0,115,106,193,184,0,0,0,2
2025,DAL,11,LV,33.0,16.0,268,114,238,27,4,0,1,0
2025,DEN,11,KC,22.0,19.0,295,59,276,62,0,1,1,1
2025,DET,11,PHI,9.0,16.0,255,74,135,148,1,0,0,1
2025,GB,11,NYG,27.0,20.0,180,128,201,142,3,1,0,3
2025,HOU,11,TEN,16.0,13.0,274,75,194,58,1,0,1,0
2025,JAX,11,LAC,35.0,6.0,153,192,118,42,1,4,0,0
2025,KC,11,DEN,19.0,22.0,276,62,295,59,1,1,0,1
2025,LA,11,SEA,21.0,19.0,130,119,279,135,2,1,0,1
2025,LAC,11,JAX,6.0,35.0,118,42,153,192,0,0,1,4
2025,LV,11,DAL,16.0,33.0,238,27,268,114,1,0,4,0
2025,MIA,11,WAS,16.0,13.0,171,169,213,172,0,1,1,0
2025,MIN,11,CHI,17.0,19.0,150,115,193,140,1,1,0,1
2025,NE,11,NYJ,27.0,14.0,281,65,116,140,1,2,1,1
2025,NYG,11,GB,20.0,27.0,201,142,180,128,0,3,3,1
2025,NYJ,11,NE,14.0,27.0,116,140,281,65,1,1,1,2
2025,PHI,11,DET,16.0,9.0,135,148,255,74,0,1,1,0
2025,PIT,11,CIN,34.0,12.0,243,111,199,105,2,0,1,0
2025,SEA,11,LA,19.0,21.0,279,135,130,119,0,1,2,1
2025,SF,11,ARI,41.0,22.0,200,95,452,36,3,2,2,1
2025,TB,11,BUF,32.0,44.0,173,202,317,97,1,3,3,3
2025,TEN,11,HOU,13.0,16.0,194,58,274,75,1,0,1,0
2025,WAS,11,MIA,13.0,16.0,213,172,171,169,1,0,0,1
2025,ARI,12,JAX,24.0,27.0,315,55,256,134,1,1,3,0
2025,ATL,12,NO,24.0,10.0,199,121,243,79,2,0,0,0
2025,BAL,12,NYJ,23.0,10.0,153,98,222,78,0,2,1,0
2025,BUF,12,HOU,19.0,23.0,253,143,153,108,0,1,2,0
2025,CAR,12,SF,9.0,20.0,169,69,193,147,1,0,1,1
2025,CHI,12,PIT,31.0,28.0,239,99,171,186,3,1,1,2
2025,CIN,12,NE,20.0,26.0,197,120,294,107,1,0,1,0
2025,CLE,12,LV,24.0,10.0,209,64,285,60,1,2,1,0
2025,DAL,12,PHI,24.0,21.0,354,125,289,63,2,1,1,2
2025,DET,12,NYG,34.0,27.0,279,237,399,122,2,2,3,0
2025,GB,12,MIN,23.0,6.0,146,146,87,93,0,2,0,0
2025,HOU,12,BUF,23.0,19.0,153,108,253,143,2,0,0,1
2025,IND,12,KC,20.0,23.0,181,74,352,148,2,0,0,1
2025,JAX,12,ARI,27.0,24.0,256,134,315,55,3,0,1,1
2025,KC,12,IND,23.0,20.0,352,148,181,74,0,1,2,0
2025,LA,12,TB,34.0,7.0,273,70,103,123,3,0,1,0
2025,LV,12,CLE,10.0,24.0,285,60,209,64,1,0,1,2
2025,MIN,12,GB,6.0,23.0,87,93,146,146,0,0,0,2
2025,NE,12,CIN,26.0,20.0,294,107,197,120,1,0,1,0
2025,NO,12,ATL,10.0,24.0,243,79,199,121,0,0,2,0
2025,NYG,12,DET,27.0,34.0,399,122,279,237,3,0,2,2
2025,NYJ,12,BAL,10.0,23.0,222,78,153,98,1,0,0,2
2025,PHI,12,DAL,21.0,24.0,289,63,354,125,1,2,2,1
2025,PIT,12,CHI,28.0,31.0,171,186,239,99,1,2,3,1
2025,SEA,12,TEN,30.0,24.0,244,114,256,64,2,1,1,1
2025,SF,12,CAR,20.0,9.0,193,147,169,69,1,1,1,0
2025,TB,12,LA,7.0,34.0,103,123,273,70,1,0,3,0
2025,TEN,12,SEA,24.0,30.0,256,64,244,114,1,1,2,1
2025,ARI,13,TB,17.0,20.0,301,95,194,95,2,0,1,1
2025,ATL,13,NYJ,24.0,27.0,234,167,172,110,1,2,1,2
2025,BAL,13,CIN,14.0,32.0,246,123,261,128,0,2,2,0
2025,BUF,13,PIT,26.0,7.0,123,249,117,58,1,1,0,1
2025,CAR,13,LA,31.0,28.0,206,164,243,152,3,0,2,2
2025,CHI,13,PHI,24.0,15.0,154,281,230,87,1,2,2,0
2025,CIN,13,BAL,32.0,14.0,261,128,246,123,2,0,0,2
2025,CLE,13,SF,8.0,26.0,149,138,168,91,1,0,1,2
2025,DAL,13,KC,31.0,28.0,320,137,261,119,2,1,4,0
2025,DEN,13,WAS,27.0,26.0,321,87,294,143,1,2,2,1
2025,DET,13,GB,24.0,31.0,256,119,234,125,2,1,4,0
2025,GB,13,DET,31.0,24.0,234,125,256,119,4,0,2,1
2025,HOU,13,IND,20.0,16.0,276,108,201,86,0,2,2,0
2025,IND,13,HOU,16.0,20.0,201,86,276,108,2,0,0,2
2025,JAX,13,TEN,25.0,3.0,229,70,141,67,2,1,0,0
2025,KC,13,DAL,28.0,31.0,261,119,320,137,4,0,2,1
2025,LA,13,CAR,28.0,31.0,243,152,206,164,2,2,3,0
2025,LAC,13,LV,31.0,14.0,160,192,165,31,2,2,2,0
2025,LV,13,LAC,14.0,31.0,165,31,160,192,2,0,2,2
2025,MIA,13,NO,21.0,17.0,157,164,239,81,0,1,2,0
2025,MIN,13,SEA,0.0,26.0,126,66,128,125,0,0,0,1
2025,NE,13,NYG,33.0,15.0,282,119,139,111,2,0,1,1
2025,NO,13,MIA,17.0,21.0,239,81,157,164,2,0,0,1
2025,NYG,13,NE,15.0,33.0,139,111,282,119,1,1,2,0
2025,NYJ,13,ATL,27.0,24.0,172,110,234,167,1,2,1,2
2025,PHI,13,CHI,15.0,24.0,230,87,154,281,2,0,1,2
2025,PIT,13,BUF,7.0,26.0,117,58,123,249,0,1,1,1
2025,SEA,13,MIN,26.0,0.0,128,125,126,66,0,1,0,0
2025,SF,13,CLE,26.0,8.0,168,91,149,138,1,2,1,0
2025,TB,13,ARI,20.0,17.0,194,95,301,95,1,1,2,0
2025,TEN,13,JAX,3.0,25.0,141,67,229,70,0,0,2,1
2025,WAS,13,DEN,26.0,27.0,294,143,321,87,2,1,1,2
2025,ARI,14,LA,17.0,45.0,271,51,281,249,2,0,3,3
2025,ATL,14,SEA,9.0,37.0,162,120,249,129,0,0,3,0
2025,BAL,14,PIT,22.0,27.0,219,217,284,34,1,1,1,2
2025,BUF,14,CIN,39.0,34.0,251,183,284,62,3,1,4,1
2025,CHI,14,GB,21.0,28.0,186,138,234,117,2,0,3,1
2025,CIN,14,BUF,34.0,39.0,284,62,251,183,4,1,3,1
2025,CLE,14,TEN,29.0,31.0,364,61,117,184,3,1,2,2
2025,DAL,14,DET,30.0,44.0,376,91,309,109,1,1,1,4
2025,DEN,14,LV,24.0,17.0,212,152,213,40,0,2,2,0
2025,DET,14,DAL,44.0,30.0,309,109,376,91,1,4,1,1
2025,GB,14,CHI,28.0,21.0,234,117,186,138,3,1,2,0
2025,HOU,14,KC,20.0,10.0,203,82,160,126,1,1,0,1
2025,IND,14,JAX,19.0,36.0,205,89,247,103,0,2,2,2
2025,JAX,14,IND,36.0,19.0,247,103,205,89,2,2,0,2
2025,KC,14,HOU,10.0,20.0,160,126,203,82,0,1,1,1
2025,LA,14,ARI,45.0,17.0,281,249,271,51,3,3,2,0
2025,LAC,14,PHI,22.0,19.0,139,169,240,134,1,0,0,1
2025,LV,14,DEN,17.0,24.0,213,40,212,152,2,0,0,2
2025,MIA,14,NYJ,34.0,10.0,127,239,169,65,1,3,0,0
2025,MIN,14,WAS,31.0,0.0,163,162,108,107,3,1,0,0
2025,NO,14,TB,24.0,20.0,144,139,122,179,0,3,1,1
2025,NYJ,14,MIA,10.0,34.0,169,65,127,239,0,0,1,3
2025,PHI,14,LAC,19.0,22.0,240,134,139,169,0,1,1,0
2025,PIT,14,BAL,27.0,22.0,284,34,219,217,1,2,1,1
2025,SEA,14,ATL,37.0,9.0,249,129,162,120,3,0,0,0
2025,TB,14,NO,20.0,24.0,122,179,144,139,1,1,0,3
2025,TEN,14,CLE,31.0,29.0,117,184,364,61,2,2,3,1
2025,WAS,14,MIN,0.0,31.0,108,107,163,162,0,0,3,1
2025,ARI,15,HOU,20.0,40.0,249,72,260,143,3,0,3,0
2025,ATL,15,TB,29.0,28.0,373,111,277,88,3,1,2,1
2025,BAL,15,CIN,24.0,0.0,150,189,225,100,2,0,0,0
2025,BUF,15,NE,35.0,31.0,193,168,155,246,3,2,0,4
2025,CAR,15,NO,17.0,20.0,163,127,272,81,1,1,1,1
2025,CHI,15,CLE,31.0,3.0,242,142,177,50,2,2,0,0
2025,CIN,15,BAL,0.0,24.0,225,100,150,189,0,0,2,0
2025,CLE,15,CHI,3.0,31.0,177,50,242,142,0,0,2,2
2025,DAL,15,MIN,26.0,34.0,294,138,250,77,0,2,2,2
2025,DEN,15,GB,34.0,26.0,302,89,276,115,4,1,1,1
2025,DET,15,LA,34.0,41.0,338,70,368,159,3,1,2,3
2025,GB,15,DEN,26.0,34.0,276,115,302,89,1,1,4,1
2025,HOU,15,ARI,40.0,20.0,260,143,249,72,3,0,3,0
2025,IND,15,SEA,16.0,18.0,120,102,271,50,1,0,0,0
2025,JAX,15,NYJ,48.0,20.0,330,108,176,130,5,1,1,1
2025,KC,15,LAC,13.0,16.0,211,49,210,94,0,1,1,0
2025,LA,15,DET,41.0,34.0,368,159,338,70,2,3,3,1
2025,LAC,15,KC,16.0,13.0,210,94,211,49,1,0,0,1
2025,LV,15,PHI,0.0,31.0,64,46,208,183,0,0,3,1
2025,MIA,15,PIT,15.0,28.0,253,63,224,135,2,0,2,2
2025,MIN,15,DAL,34.0,26.0,250,77,294,138,2,2,0,2
2025,NE,15,BUF,31.0,35.0,155,246,193,168,0,4,3,2
2025,NO,15,CAR,20.0,17.0,272,81,163,127,1,1,1,1
2025,NYG,15,WAS,21.0,29.0,246,146,211,145,2,1,1,1
2025,NYJ,15,JAX,20.0,48.0,176,130,330,108,1,1,5,1
2025,PHI,15,LV,31.0,0.0,208,183,64,46,3,1,0,0
2025,PIT,15,MIA,28.0,15.0,224,135,253,63,2,2,2,0
2025,SEA,15,IND,18.0,16.0,271,50,120,102,0,0,1,0
2025,SF,15,TEN,37.0,24.0,295,138,170,136,3,1,2,1
2025,TB,15,ATL,28.0,29.0,277,88,373,111,2,1,3,1
2025,TEN,15,SF,24.0,37.0,170,136,295,138,2,1,3,1
2025,WAS,15,NYG,29.0,21.0,211,145,246,146,1,1,2,1
2025,ARI,16,ATL,19.0,26.0,203,132,197,152,1,0,2,1
2025,ATL,16,ARI,26.0,19.0,197,152,203,132,2,1,1,0
2025,BAL,16,NE,24.0,28.0,166,171,380,79,0,3,2,1
2025,BUF,16,CLE,23.0,20.0,130,164,157,160,0,3,1,1
2025,CAR,16,TB,23.0,20.0,191,101,145,169,2,0,1,1
2025,CHI,16,GB,22.0,16.0,250,150,198,192,2,0,1,0
2025,CIN,16,MIA,45.0,21.0,313,105,260,129,4,2,0,3
2025,CLE,16,BUF,20.0,23.0,157,160,130,164,1,1,0,3
2025,DAL,16,LAC,17.0,34.0,255,91,300,152,2,0,2,2
2025,DEN,16,JAX,20.0,34.0,352,101,279,81,1,1,3,1
2025,DET,16,PIT,24.0,29.0,364,15,266,230,3,0,1,2
2025,GB,16,CHI,16.0,22.0,198,192,250,150,1,0,2,0
2025,HOU,16,LV,23.0,21.0,187,83,201,145,1,0,2,1
2025,IND,16,SF,27.0,48.0,277,58,295,145,2,1,5,0
2025,JAX,16,DEN,34.0,20.0,279,81,352,101,3,1,1,1
2025,KC,16,TEN,9.0,26.0,126,51,228,164,0,0,2,1
2025,LA,16,SEA,37.0,38.0,457,124,270,171,3,1,2,2
2025,LAC,16,DAL,34.0,17.0,300,152,255,91,2,2,2,0
2025,LV,16,HOU,21.0,23.0,201,145,187,83,2,1,1,0
2025,MIA,16,CIN,21.0,45.0,260,129,313,105,0,3,4,2
2025,MIN,16,NYG,16.0,13.0,160,114,33,128,0,1,0,0
2025,NE,16,BAL,28.0,24.0,380,79,166,171,2,1,0,3
2025,NO,16,NYJ,29.0,6.0,346,84,188,64,2,0,0,0
2025,NYG,16,MIN,13.0,16.0,33,128,160,114,0,0,0,1
2025,NYJ,16,NO,6.0,29.0,188,64,346,84,0,0,2,0
2025,PHI,16,WAS,29.0,18.0,185,207,138,90,2,2,0,2
2025,PIT,16,DET,29.0,24.0,266,230,364,15,1,2,3,0
2025,SEA,16,LA,38.0,37.0,270,171,457,124,2,2,3,1
2025,SF,16,IND,48.0,27.0,295,145,277,58,5,0,2,1
2025,TB,16,CAR,20.0,23.0,145,169,191,101,1,1,2,0
2025,TEN,16,KC,26.0,9.0,228,164,126,51,2,1,0,0
2025,WAS,16,PHI,18.0,29.0,138,90,185,207,0,2,2,2
2025,ARI,17,CIN,14.0,37.0,212,42,329,120,2,0,2,3
2025,ATL,17,LA,27.0,24.0,126,219,269,115,1,1,2,0
2025,BAL,17,GB,41.0,24.0,107,307,296,79,1,4,1,2
2025,BUF,17,PHI,12.0,13.0,262,120,110,82,0,2,1,0
2025,CAR,17,SEA,10.0,27.0,54,99,147,163,0,1,1,2
2025,CHI,17,SF,38.0,42.0,330,110,303,200,2,2,3,3
2025,CIN,17,ARI,37.0,14.0,329,120,212,42,2,3,2,0
2025,CLE,17,PIT,13.0,6.0,186,78,168,131,1,0,0,0
2025,DAL,17,WAS,30.0,23.0,307,211,198,138,2,1,0,2
2025,DEN,17,KC,20.0,13.0,182,128,66,82,1,1,1,0
2025,DET,17,MIN,10.0,23.0,197,68,51,158,1,0,0,2
2025,GB,17,BAL,24.0,41.0,296,79,107,307,1,2,1,4
2025,HOU,17,LAC,20.0,16.0,244,118,236,74,2,0,1,1
2025,IND,17,JAX,17.0,23.0,147,69,263,121,1,1,0,2
2025,JAX,17,IND,23.0,17.0,263,121,147,69,0,2,1,1
2025,KC,17,DEN,13.0,20.0,66,82,182,128,1,0,1,1
2025,LA,17,ATL,24.0,27.0,269,115,126,219,2,0,1,1
2025,LAC,17,HOU,16.0,20.0,236,74,244,118,1,1,2,0
2025,LV,17,NYG,10.0,34.0,192,63,207,155,1,0,0,3
2025,MIA,17,TB,20.0,17.0,172,145,346,53,2,0,2,0
2025,MIN,17,DET,23.0,10.0,51,158,197,68,0,2,1,0
2025,NE,17,NYJ,42.0,10.0,286,155,155,164,5,1,0,1
2025,NO,17,TEN,34.0,26.0,333,103,251,108,2,1,2,0
2025,NYG,17,LV,34.0,10.0,207,155,192,63,0,3,1,0
2025,NYJ,17,NE,10.0,42.0,155,164,286,155,0,1,5,1
2025,PHI,17,BUF,13.0,12.0,110,82,262,120,1,0,0,2
2025,PIT,17,CLE,6.0,13.0,168,131,186,78,0,0,1,0
2025,SEA,17,CAR,27.0,10.0,147,163,54,99,1,2,0,1
2025,SF,17,CHI,42.0,38.0,303,200,330,110,3,3,2,2
2025,TB,17,MIA,17.0,20.0,346,53,172,145,2,0,2,0
2025,TEN,17,NO,26.0,34.0,251,108,333,103,2,0,2,1
2025,WAS,17,DAL,23.0,30.0,198,138,307,211,0,2,2,1
2025,ARI,18,LA,20.0,37.0,271,79,259,143,2,0,4,0
2025,ATL,18,NO,19.0,17.0,180,49,259,108,1,0,1,1
2025,BAL,18,PIT,24.0,26.0,238,137,294,100,3,0,1,2
2025,BUF,18,NYJ,35.0,8.0,259,211,60,69,4,1,1,0
2025,CAR,18,TB,14.0,16.0,266,19,203,140,2,0,1,0
2025,CHI,18,DET,16.0,19.0,212,65,331,122,2,0,1,0
2025,CIN,18,CLE,18.0,20.0,236,142,111,118,3,0,0,0
2025,CLE,18,CIN,20.0,18.0,111,118,236,142,0,0,3,0
2025,DAL,18,NYG,17.0,34.0,143,143,230,161,0,2,2,1
2025,DEN,18,LAC,19.0,3.0,141,116,136,113,0,0,0,0
2025,DET,18,CHI,19.0,16.0,331,122,212,65,1,0,2,0
2025,GB,18,MIN,3.0,16.0,34,128,239,137,0,0,0,1
2025,HOU,18,IND,38.0,30.0,205,134,286,76,1,1,2,1
2025,IND,18,HOU,30.0,38.0,286,76,205,134,2,1,1,1
2025,JAX,18,TEN,41.0,7.0,271,64,124,77,3,1,0,1
2025,KC,18,LV,12.0,14.0,146,84,105,118,0,0,0,0
2025,LA,18,ARI,37.0,20.0,259,143,271,79,4,0,2,0
2025,LAC,18,DEN,3.0,19.0,136,113,141,116,0,0,0,0
2025,LV,18,KC,14.0,12.0,105,118,146,84,0,0,0,0
2025,MIA,18,NE,10.0,38.0,137,63,214,243,1,0,1,4
2025,MIN,18,GB,16.0,3.0,239,137,34,128,0,1,0,0
2025,NE,18,MIA,38.0,10.0,214,243,137,63,1,4,1,0
2025,NO,18,ATL,17.0,19.0,259,108,180,49,1,1,1,0
2025,NYG,18,DAL,34.0,17.0,230,161,143,143,2,1,0,2
2025,NYJ,18,BUF,8.0,35.0,60,69,259,211,1,0,4,1
2025,PHI,18,WAS,17.0,24.0,241,80,131,143,1,1,1,2
2025,PIT,18,BAL,26.0,24.0,294,100,238,137,1,2,3,0
2025,SEA,18,SF,13.0,3.0,198,180,127,53,0,1,0,0
2025,SF,18,SEA,3.0,13.0,127,53,198,180,0,0,0,1
2025,TB,18,CAR,16.0,14.0,203,140,266,19,1,0,2,0
2025,TEN,18,JAX,7.0,41.0,124,77,271,64,0,1,3,1
2025,WAS,18,PHI,24.0,17.0,131,143,241,80,1,2,1,1
2024,ARI,1,BUF,28.0,34.0,162,124,232,130,1,1,2,2
2024,ATL,1,PIT,10.0,18.0,155,89,156,137,1,0,0,0
2024,BAL,1,KC,20.0,27.0,273,185,291,72,1,1,1,2
2024,BUF,1,ARI,34.0,28.0,232,130,162,124,2,2,1,1
2024,CAR,1,NO,10.0,47.0,161,58,200,180,0,1,3,2
2024,CHI,1,TEN,24.0,17.0,93,84,127,140,0,0,1,1
2024,CIN,1,NE,10.0,16.0,164,70,121,170,0,1,0,1
2024,CLE,1,DAL,17.0,33.0,169,93,179,102,1,1,1,1
2024,DAL,1,CLE,33.0,17.0,179,102,169,93,1,1,1,1
2024,DEN,1,SEA,20.0,26.0,138,99,171,146,0,1,1,2
2024,DET,1,LA,26.0,20.0,217,163,317,83,1,2,1,1
2024,GB,1,PHI,29.0,34.0,260,163,278,144,2,1,2,2
2024,HOU,1,IND,29.0,27.0,234,213,212,104,2,1,2,2
2024,IND,1,HOU,27.0,29.0,212,104,234,213,2,2,2,1
2024,JAX,1,MIA,17.0,20.0,162,128,338,81,1,1,1,1
2024,KC,1,BAL,27.0,20.0,291,72,273,185,1,2,1,1
2024,LA,1,DET,20.0,26.0,317,83,217,163,1,1,1,2
2024,LAC,1,LV,22.0,10.0,144,176,257,71,1,1,1,0
2024,LV,1,LAC,10.0,22.0,257,71,144,176,1,0,1,1
2024,MIA,1,JAX,20.0,17.0,338,81,162,128,1,1,1,1
2024,MIN,1,NYG,28.0,6.0,208,111,186,74,2,1,0,0
2024,NE,1,CIN,16.0,10.0,121,170,164,70,0,1,0,1
2024,NO,1,CAR,47.0,10.0,200,180,161,58,3,2,0,1
2024,NYG,1,MIN,6.0,28.0,186,74,208,111,0,0,2,1
2024,NYJ,1,SF,19.0,32.0,203,68,231,180,2,1,0,2
2024,PHI,1,GB,34.0,29.0,278,144,260,163,2,2,2,1
2024,PIT,1,ATL,18.0,10.0,156,137,155,89,0,0,1,0
2024,SEA,1,DEN,26.0,20.0,171,146,138,99,1,2,0,1
2024,SF,1,NYJ,32.0,19.0,231,180,203,68,0,2,2,1
2024,TB,1,WAS,37.0,20.0,289,112,184,138,4,0,0,3
2024,TEN,1,CHI,17.0,24.0,127,140,93,84,1,1,0,0
2024,WAS,1,TB,20.0,37.0,184,138,289,112,0,3,4,0
2024,ARI,2,LA,41.0,10.0,266,231,216,53,3,1,0,1
2024,ATL,2,PHI,22.0,21.0,241,152,183,186,2,0,1,1
2024,BAL,2,LV,23.0,26.0,247,151,276,27,1,1,1,1
2024,BUF,2,MIA,31.0,10.0,139,108,225,139,1,2,1,0
2024,CAR,2,LAC,3.0,26.0,84,90,130,219,0,0,2,1
2024,CHI,2,HOU,13.0,19.0,174,71,260,75,0,1,1,0
2024,CIN,2,KC,25.0,26.0,258,74,151,149,2,0,2,0
2024,CLE,2,JAX,18.0,13.0,186,125,220,127,0,1,0,1
2024,DAL,2,NO,19.0,44.0,299,68,243,190,1,0,2,4
2024,DEN,2,PIT,6.0,13.0,246,64,117,141,0,0,1,0
2024,DET,2,TB,16.0,20.0,324,139,185,70,0,1,1,1
2024,GB,2,IND,16.0,10.0,122,261,204,140,1,0,1,0
2024,HOU,2,CHI,19.0,13.0,260,75,174,71,1,0,0,1
2024,IND,2,GB,10.0,16.0,204,140,122,261,1,0,1,0
2024,JAX,2,CLE,13.0,18.0,220,127,186,125,0,1,0,1
2024,KC,2,CIN,26.0,25.0,151,149,258,74,2,0,2,0
2024,LA,2,ARI,10.0,41.0,216,53,266,231,0,1,3,1
2024,LAC,2,CAR,26.0,3.0,130,219,84,90,2,1,0,0
2024,LV,2,BAL,26.0,23.0,276,27,247,151,1,1,1,1
2024,MIA,2,BUF,10.0,31.0,225,139,139,108,1,0,1,2
2024,MIN,2,SF,23.0,17.0,268,146,319,102,2,0,1,1
2024,NE,2,SEA,20.0,23.0,149,185,327,46,1,1,1,1
2024,NO,2,DAL,44.0,19.0,243,190,299,68,2,4,1,0
2024,NYG,2,WAS,18.0,21.0,178,129,226,215,2,1,0,0
2024,NYJ,2,TEN,24.0,17.0,176,101,192,130,2,1,1,1
2024,PHI,2,ATL,21.0,22.0,183,186,241,152,1,1,2,0
2024,PIT,2,DEN,13.0,6.0,117,141,246,64,1,0,0,0
2024,SEA,2,NE,23.0,20.0,327,46,149,185,1,1,1,1
2024,SF,2,MIN,17.0,23.0,319,102,268,146,1,1,2,0
2024,TB,2,DET,20.0,16.0,185,70,324,139,1,1,0,1
2024,TEN,2,NYJ,17.0,24.0,192,130,176,101,1,1,2,1
2024,WAS,2,NYG,21.0,18.0,226,215,178,129,0,0,2,1
2024,ARI,3,DET,13.0,20.0,207,77,199,187,1,0,2,1
2024,ATL,3,KC,17.0,22.0,230,82,217,128,1,1,2,0
2024,BAL,3,DAL,28.0,25.0,182,274,379,51,1,3,2,1
2024,BUF,3,JAX,47.0,10.0,266,122,200,92,4,2,1,0
2024,CAR,3,LV,36.0,22.0,319,131,296,55,3,1,2,1
2024,CHI,3,IND,16.0,21.0,363,63,167,150,2,0,0,3
2024,CIN,3,WAS,33.0,38.0,324,124,254,108,3,1,2,3
2024,CLE,3,NYG,15.0,21.0,196,69,236,112,2,0,2,1
2024,DAL,3,BAL,25.0,28.0,379,51,182,274,2,1,1,3
2024,DEN,3,TB,26.0,7.0,216,136,163,91,0,2,1,0
2024,DET,3,ARI,20.0,13.0,199,187,207,77,2,1,1,0
2024,GB,3,TEN,30.0,14.0,202,188,260,33,1,1,2,0
2024,HOU,3,MIN,7.0,34.0,307,38,181,118,1,0,4,0
2024,IND,3,CHI,21.0,16.0,167,150,363,63,0,3,2,0
2024,JAX,3,BUF,10.0,47.0,200,92,266,122,1,0,4,2
2024,KC,3,ATL,22.0,17.0,217,128,230,82,2,0,1,1
2024,LA,3,SF,27.0,24.0,221,98,292,137,1,2,3,0
2024,LAC,3,PIT,10.0,20.0,149,61,245,114,1,0,1,1
2024,LV,3,CAR,22.0,36.0,296,55,319,131,2,1,3,1
2024,MIA,3,SEA,3.0,24.0,186,65,289,100,0,0,1,2
2024,MIN,3,HOU,34.0,7.0,181,118,307,38,4,0,1,0
2024,NE,3,NYJ,3.0,24.0,120,78,281,133,0,0,2,1
2024,NO,3,PHI,12.0,15.0,142,89,311,172,1,0,0,2
2024,NYG,3,CLE,21.0,15.0,236,112,196,69,2,1,2,0
2024,NYJ,3,NE,24.0,3.0,281,133,120,78,2,1,0,0
2024,PHI,3,NO,15.0,12.0,311,172,142,89,0,2,1,0
2024,PIT,3,LAC,20.0,10.0,245,114,149,61,1,1,1,0
2024,SEA,3,MIA,24.0,3.0,289,100,186,65,1,2,0,0
2024,SF,3,LA,24.0,27.0,292,137,221,98,3,0,1,2
2024,TB,3,DEN,7.0,26.0,163,91,216,136,1,0,0,2
2024,TEN,3,GB,14.0,30.0,260,33,202,188,2,0,1,1
2024,WAS,3,CIN,38.0,33.0,254,108,324,124,2,3,3,1
2024,ARI,4,WAS,14.0,42.0,142,181,233,216,1,1,1,4
2024,ATL,4,NO,26.0,24.0,238,88,239,131,0,0,0,3
2024,BAL,4,BUF,35.0,10.0,157,271,182,81,2,2,0,1
2024,BUF,4,BAL,10.0,35.0,182,81,157,271,0,1,2,2
2024,CAR,4,CIN,24.0,34.0,220,155,232,141,2,1,2,2
2024,CHI,4,LA,24.0,18.0,157,131,224,119,1,2,0,1
2024,CIN,4,CAR,34.0,24.0,232,141,220,155,2,2,2,1
2024,CLE,4,LV,16.0,20.0,176,92,130,152,1,0,0,2
2024,DAL,4,NYG,20.0,15.0,221,80,281,26,2,0,0,0
2024,DEN,4,NYJ,10.0,9.0,60,126,225,64,1,0,0,0
2024,DET,4,SEA,42.0,29.0,299,116,395,133,3,3,1,3
2024,GB,4,MIN,29.0,31.0,389,86,275,120,4,0,3,1
2024,HOU,4,JAX,24.0,20.0,345,101,169,158,2,1,2,0
2024,IND,4,PIT,27.0,24.0,239,133,312,122,2,1,1,2
2024,JAX,4,HOU,20.0,24.0,169,158,345,101,2,0,2,1
2024,KC,4,LAC,17.0,10.0,245,101,179,55,1,1,1,0
2024,LA,4,CHI,18.0,24.0,224,119,157,131,0,1,1,2
2024,LAC,4,KC,10.0,17.0,179,55,245,101,1,0,1,1
2024,LV,4,CLE,20.0,16.0,130,152,176,92,0,2,1,0
2024,MIA,4,TEN,12.0,31.0,96,106,110,142,0,1,0,2
2024,MIN,4,GB,31.0,29.0,275,120,389,86,3,1,4,0
2024,NE,4,SF,13.0,30.0,168,73,288,148,1,0,1,1
2024,NO,4,ATL,24.0,26.0,239,131,238,88,0,3,0,0
2024,NYG,4,DAL,15.0,20.0,281,26,221,80,0,0,2,0
2024,NYJ,4,DEN,9.0,10.0,225,64,60,126,0,0,1,0
2024,PHI,4,TB,16.0,33.0,158,113,347,111,1,1,2,2
2024,PIT,4,IND,24.0,27.0,312,122,239,133,1,2,2,1
2024,SEA,4,DET,29.0,42.0,395,133,299,116,1,3,3,3
2024,SF,4,NE,30.0,13.0,288,148,168,73,1,1,1,0
2024,TB,4,PHI,33.0,16.0,347,111,158,113,2,2,1,1
2024,TEN,4,MIA,31.0,12.0,110,142,96,106,0,2,0,1
2024,WAS,4,ARI,42.0,14.0,233,216,142,181,1,4,1,1
2024,ARI,5,SF,24.0,23.0,195,169,244,153,1,1,1,0
2024,ATL,5,TB,36.0,30.0,509,73,180,160,4,0,3,0
2024,BAL,5,CIN,41.0,38.0,348,175,392,71,4,1,5,0
2024,BUF,5,HOU,20.0,23.0,131,150,331,94,1,1,1,1
2024,CAR,5,CHI,10.0,36.0,194,120,304,128,0,1,2,3
2024,CHI,5,CAR,36.0,10.0,304,128,194,120,2,3,0,1
2024,CIN,5,BAL,38.0,41.0,392,71,348,175,5,0,4,1
2024,CLE,5,WAS,13.0,34.0,141,104,236,215,1,0,1,3
2024,DAL,5,PIT,20.0,17.0,352,109,150,92,2,0,2,0
2024,DEN,5,LV,34.0,18.0,206,109,231,115,2,1,1,1
2024,GB,5,LA,24.0,19.0,224,126,260,134,2,1,1,1
2024,HOU,5,BUF,23.0,20.0,331,94,131,150,1,1,1,1
2024,IND,5,JAX,34.0,37.0,383,99,371,126,3,1,2,2
2024,JAX,5,IND,37.0,34.0,371,126,383,99,2,2,3,1
2024,KC,5,NO,26.0,13.0,331,139,182,46,0,2,2,0
2024,LA,5,GB,19.0,24.0,260,134,224,126,1,1,2,1
2024,LV,5,DEN,18.0,34.0,231,115,206,109,1,1,2,1
2024,MIA,5,NE,15.0,10.0,194,193,160,151,0,1,0,1
2024,MIN,5,NYJ,23.0,17.0,203,82,244,36,0,1,2,0
2024,NE,5,MIA,10.0,15.0,160,151,194,193,0,1,0,1
2024,NO,5,KC,13.0,26.0,182,46,331,139,2,0,0,2
2024,NYG,5,SEA,29.0,20.0,257,175,284,102,2,0,1,0
2024,NYJ,5,MIN,17.0,23.0,244,36,203,82,2,0,0,1
2024,PIT,5,DAL,17.0,20.0,150,92,352,109,2,0,2,0
2024,SEA,5,NYG,20.0,29.0,284,102,257,175,1,0,2,0
2024,SF,5,ARI,23.0,24.0,244,153,195,169,1,0,1,1
2024,TB,5,ATL,30.0,36.0,180,160,509,73,3,0,4,0
2024,WAS,5,CLE,34.0,13.0,236,215,141,104,1,3,1,0
2024,ARI,6,GB,13.0,34.0,214,89,258,179,1,0,4,0
2024,ATL,6,CAR,38.0,20.0,225,198,221,114,1,3,2,0
2024,BAL,6,WAS,30.0,23.0,323,176,269,52,1,2,2,0
2024,BUF,6,NYJ,23.0,20.0,215,149,294,121,2,1,2,0
2024,CAR,6,ATL,20.0,38.0,221,114,225,198,2,0,1,3
2024,CHI,6,JAX,35.0,16.0,226,152,240,68,4,1,2,0
2024,CIN,6,NYG,17.0,7.0,208,121,205,119,0,2,0,1
2024,CLE,6,PHI,16.0,20.0,168,100,264,116,0,0,2,0
2024,DAL,6,DET,9.0,47.0,224,53,334,184,0,0,3,2
2024,DEN,6,LAC,16.0,23.0,216,110,237,128,2,0,1,1
2024,DET,6,DAL,47.0,9.0,334,184,224,53,3,2,0,0
2024,GB,6,ARI,34.0,13.0,258,179,214,89,4,0,1,0
2024,HOU,6,NE,41.0,21.0,192,192,243,82,3,2,3,0
2024,IND,6,TEN,20.0,17.0,189,80,95,146,2,0,1,1
2024,JAX,6,CHI,16.0,35.0,240,68,226,152,2,0,4,1
2024,LAC,6,DEN,23.0,16.0,237,128,216,110,1,1,2,0
2024,LV,6,PIT,13.0,32.0,227,57,145,183,1,1,0,3
2024,NE,6,HOU,21.0,41.0,243,82,192,192,3,0,3,2
2024,NO,6,TB,27.0,51.0,243,81,325,277,1,1,4,2
2024,NYG,6,CIN,7.0,17.0,205,119,208,121,0,1,0,2
2024,NYJ,6,BUF,20.0,23.0,294,121,215,149,2,0,2,1
2024,PHI,6,CLE,20.0,16.0,264,116,168,100,2,0,0,0
2024,PIT,6,LV,32.0,13.0,145,183,227,57,0,3,1,1
2024,SEA,6,SF,24.0,36.0,312,52,255,228,1,1,3,1
2024,SF,6,SEA,36.0,24.0,255,228,312,52,3,1,1,1
2024,TB,6,NO,51.0,27.0,325,277,243,81,4,2,1,1
2024,TEN,6,IND,17.0,20.0,95,146,189,80,1,1,2,0
2024,WAS,6,BAL,23.0,30.0,269,52,323,176,2,0,1,2
2024,ARI,7,LAC,17.0,15.0,145,181,349,59,1,1,0,0
2024,ATL,7,SEA,14.0,34.0,246,155,242,103,1,1,2,1
2024,BAL,7,TB,41.0,31.0,281,244,370,125,5,0,3,1
2024,BUF,7,TEN,34.0,10.0,323,74,215,89,2,2,1,0
2024,CAR,7,WAS,7.0,40.0,89,95,211,214,0,1,2,1
2024,CIN,7,CLE,21.0,14.0,181,59,277,77,2,0,1,1
2024,CLE,7,CIN,14.0,21.0,277,77,181,59,1,1,2,0
2024,DEN,7,NO,33.0,10.0,164,225,210,97,0,2,1,0
2024,DET,7,MIN,31.0,29.0,280,144,259,139,2,2,1,1
2024,GB,7,HOU,24.0,22.0,220,82,86,142,3,0,0,2
2024,HOU,7,GB,22.0,24.0,86,142,220,82,0,2,3,0
2024,IND,7,MIA,16.0,10.0,129,155,161,188,0,1,1,0
2024,JAX,7,NE,32.0,16.0,193,171,276,38,1,2,2,0
2024,KC,7,SF,28.0,18.0,154,184,212,101,0,4,0,2
2024,LA,7,LV,20.0,15.0,154,115,206,122,0,2,0,0
2024,LAC,7,ARI,15.0,17.0,349,59,145,181,0,0,1,1
2024,LV,7,LA,15.0,20.0,206,122,154,115,0,0,0,2
2024,MIA,7,IND,10.0,16.0,161,188,129,155,1,0,0,1
2024,MIN,7,DET,29.0,31.0,259,139,280,144,1,1,2,2
2024,NE,7,JAX,16.0,32.0,276,38,193,171,2,0,1,2
2024,NO,7,DEN,10.0,33.0,210,97,164,225,1,0,0,2
2024,NYG,7,PHI,3.0,28.0,105,76,114,269,0,0,1,3
2024,NYJ,7,PIT,15.0,37.0,276,54,264,149,1,1,2,2
2024,PHI,7,NYG,28.0,3.0,114,269,105,76,1,3,0,0
2024,PIT,7,NYJ,37.0,15.0,264,149,276,54,2,2,1,1
2024,SEA,7,ATL,34.0,14.0,242,103,246,155,2,1,1,1
2024,SF,7,KC,18.0,28.0,212,101,154,184,0,2,0,4
2024,TB,7,BAL,31.0,41.0,370,125,281,244,3,1,5,0
2024,TEN,7,BUF,10.0,34.0,215,89,323,74,1,0,2,2
2024,WAS,7,CAR,40.0,7.0,211,214,89,95,2,1,0,1
2024,ARI,8,MIA,28.0,27.0,307,82,234,150,2,1,1,2
2024,ATL,8,TB,31.0,26.0,276,129,330,102,4,0,3,0
2024,BAL,8,CLE,24.0,29.0,289,124,334,80,2,1,3,0
2024,BUF,8,SEA,31.0,10.0,283,164,212,32,2,2,0,1
2024,CAR,8,DEN,14.0,28.0,224,69,315,102,2,0,3,1
2024,CHI,8,WAS,15.0,18.0,131,202,326,168,0,2,1,0
2024,CIN,8,PHI,17.0,37.0,234,58,236,161,1,1,1,3
2024,CLE,8,BAL,29.0,24.0,334,80,289,124,3,0,2,1
2024,DAL,8,SF,24.0,30.0,243,56,260,223,2,1,1,2
2024,DEN,8,CAR,28.0,14.0,315,102,224,69,3,1,2,0
2024,DET,8,TEN,52.0,14.0,94,164,266,158,4,2,1,1
2024,GB,8,JAX,30.0,27.0,252,170,308,91,1,2,2,1
2024,HOU,8,IND,23.0,20.0,285,96,175,163,1,1,1,1
2024,IND,8,HOU,20.0,23.0,175,163,285,96,1,1,1,1
2024,JAX,8,GB,27.0,30.0,308,91,252,170,2,1,1,2
2024,KC,8,LV,27.0,20.0,262,82,209,33,2,1,2,0
2024,LA,8,MIN,30.0,20.0,279,107,240,64,4,0,2,0
2024,LAC,8,NO,26.0,8.0,279,122,281,117,2,1,0,0
2024,LV,8,KC,20.0,27.0,209,33,262,82,2,0,2,1
2024,MIA,8,ARI,27.0,28.0,234,150,307,82,1,2,2,1
2024,MIN,8,LA,20.0,30.0,240,64,279,107,2,0,4,0
2024,NE,8,NYJ,25.0,22.0,155,112,233,112,0,3,2,1
2024,NO,8,LAC,8.0,26.0,281,117,279,122,0,0,2,1
2024,NYG,8,PIT,18.0,26.0,264,157,278,167,0,1,1,0
2024,NYJ,8,NE,22.0,25.0,233,112,155,112,2,1,0,3
2024,PHI,8,CIN,37.0,17.0,236,161,234,58,1,3,1,1
2024,PIT,8,NYG,26.0,18.0,278,167,264,157,1,0,0,1
2024,SEA,8,BUF,10.0,31.0,212,32,283,164,0,1,2,2
2024,SF,8,DAL,30.0,24.0,260,223,243,56,1,2,2,1
2024,TB,8,ATL,26.0,31.0,330,102,276,129,3,0,4,0
2024,TEN,8,DET,14.0,52.0,266,158,94,164,1,1,4,2
2024,WAS,8,CHI,18.0,15.0,326,168,131,202,1,0,0,2
2024,ARI,9,CHI,29.0,9.0,154,213,217,69,0,3,0,0
2024,ATL,9,DAL,27.0,21.0,222,100,248,137,3,1,2,0
2024,BAL,9,DEN,41.0,10.0,280,127,225,122,3,2,1,0
2024,BUF,9,MIA,30.0,27.0,235,94,231,149,3,0,2,1
2024,CAR,9,NO,23.0,22.0,171,80,236,197,1,2,1,1
2024,CHI,9,ARI,9.0,29.0,217,69,154,213,0,0,0,3
2024,CIN,9,LV,41.0,24.0,251,130,198,60,5,0,1,1
2024,CLE,9,LAC,10.0,27.0,235,79,282,96,1,0,2,2
2024,DAL,9,ATL,21.0,27.0,248,137,222,100,2,0,3,1
2024,DEN,9,BAL,10.0,41.0,225,122,280,127,1,0,3,2
2024,DET,9,GB,24.0,14.0,145,124,273,138,1,1,0,1
2024,GB,9,DET,14.0,24.0,273,138,145,124,0,1,1,1
2024,HOU,9,NYJ,13.0,21.0,191,187,211,100,0,1,3,0
2024,IND,9,MIN,13.0,21.0,179,68,312,133,0,0,3,0
2024,JAX,9,PHI,23.0,28.0,169,60,230,237,0,2,2,2
2024,KC,9,TB,30.0,24.0,291,124,200,95,3,1,2,1
2024,LA,9,SEA,26.0,20.0,298,68,363,107,2,0,3,0
2024,LAC,9,CLE,27.0,10.0,282,96,235,79,2,2,1,0
2024,LV,9,CIN,24.0,41.0,198,60,251,130,1,1,5,0
2024,MIA,9,BUF,27.0,30.0,231,149,235,94,2,1,3,0
2024,MIN,9,IND,21.0,13.0,312,133,179,68,3,0,0,0
2024,NE,9,TEN,17.0,20.0,206,110,240,167,1,1,2,0
2024,NO,9,CAR,22.0,23.0,236,197,171,80,1,1,1,2
2024,NYG,9,WAS,22.0,27.0,174,164,209,149,2,1,2,1
2024,NYJ,9,HOU,21.0,13.0,211,100,191,187,3,0,0,1
2024,PHI,9,JAX,28.0,23.0,230,237,169,60,2,2,0,2
2024,SEA,9,LA,20.0,26.0,363,107,298,68,3,0,2,0
2024,TB,9,KC,24.0,30.0,200,95,291,124,2,1,3,1
2024,TEN,9,NE,20.0,17.0,240,167,206,110,2,0,1,1
2024,WAS,9,NYG,27.0,22.0,209,149,174,164,2,1,2,1
2024,ARI,10,NYJ,31.0,6.0,266,147,151,79,1,3,0,0
2024,ATL,10,NO,17.0,20.0,306,181,269,96,0,2,2,0
2024,BAL,10,CIN,35.0,34.0,290,99,428,49,4,1,4,1
2024,BUF,10,IND,30.0,20.0,280,135,272,121,0,2,2,0
2024,CAR,10,NYG,20.0,17.0,126,188,190,167,1,1,0,2
2024,CHI,10,NE,3.0,19.0,120,73,184,144,0,0,1,0
2024,CIN,10,BAL,34.0,35.0,428,49,290,99,4,1,4,1
2024,DAL,10,PHI,6.0,34.0,66,97,207,187,0,0,2,2
2024,DEN,10,KC,14.0,16.0,215,78,266,57,2,0,1,0
2024,DET,10,HOU,26.0,23.0,240,105,232,56,2,1,1,1
2024,HOU,10,DET,23.0,26.0,232,56,240,105,1,1,2,1
2024,IND,10,BUF,20.0,30.0,272,121,280,135,2,0,0,2
2024,JAX,10,MIN,7.0,12.0,111,56,241,169,0,1,0,0
2024,KC,10,DEN,16.0,14.0,266,57,215,78,1,0,2,0
2024,LA,10,MIA,15.0,23.0,293,70,207,67,0,0,1,1
2024,LAC,10,TEN,27.0,17.0,164,145,175,132,1,2,2,0
2024,MIA,10,LA,23.0,15.0,207,67,293,70,1,1,0,0
2024,MIN,10,JAX,12.0,7.0,241,169,111,56,0,0,0,1
2024,NE,10,CHI,19.0,3.0,184,144,120,73,1,0,0,0
2024,NO,10,ATL,20.0,17.0,269,96,306,181,2,0,0,2
2024,NYG,10,CAR,17.0,20.0,190,167,126,188,0,2,1,1
2024,NYJ,10,ARI,6.0,31.0,151,79,266,147,0,0,1,3
2024,PHI,10,DAL,34.0,6.0,207,187,66,97,2,2,0,0
2024,PIT,10,WAS,28.0,27.0,195,140,202,60,3,1,0,3
2024,SF,10,TB,23.0,20.0,353,75,116,110,2,0,1,1
2024,TB,10,SF,20.0,23.0,116,110,353,75,1,1,2,0
2024,TEN,10,LAC,17.0,27.0,175,132,164,145,2,0,1,2
2024,WAS,10,PIT,27.0,28.0,202,60,195,140,0,3,3,1
2024,ATL,11,DEN,6.0,38.0,197,50,307,105,0,0,4,1
2024,BAL,11,PIT,16.0,18.0,207,124,205,122,1,1,0,0
2024,BUF,11,KC,30.0,21.0,262,104,196,78,1,3,3,0
2024,CHI,11,GB,19.0,20.0,231,179,261,106,0,2,1,2
2024,CIN,11,LAC,27.0,34.0,356,110,297,155,3,0,2,2
2024,CLE,11,NO,14.0,35.0,395,66,266,214,2,0,2,3
2024,DAL,11,HOU,10.0,34.0,358,64,257,141,1,0,0,3
2024,DEN,11,ATL,38.0,6.0,307,105,197,50,4,1,0,0
2024,DET,11,JAX,52.0,6.0,449,196,138,41,4,3,0,0
2024,GB,11,CHI,20.0,19.0,261,106,231,179,1,2,0,2
2024,HOU,11,DAL,34.0,10.0,257,141,358,64,0,3,1,0
2024,IND,11,NYJ,28.0,27.0,272,91,184,91,1,2,2,1
2024,JAX,11,DET,6.0,52.0,138,41,449,196,0,0,4,3
2024,KC,11,BUF,21.0,30.0,196,78,262,104,3,0,1,3
2024,LA,11,NE,28.0,22.0,295,107,282,125,4,0,2,0
2024,LAC,11,CIN,34.0,27.0,297,155,356,110,2,2,3,0
2024,LV,11,MIA,19.0,34.0,282,60,288,82,2,0,3,1
2024,MIA,11,LV,34.0,19.0,288,82,282,60,3,1,2,0
2024,MIN,11,TEN,23.0,13.0,246,82,295,33,2,1,1,0
2024,NE,11,LA,22.0,28.0,282,125,295,107,2,0,4,0
2024,NO,11,CLE,35.0,14.0,266,214,395,66,2,3,2,0
2024,NYJ,11,IND,27.0,28.0,184,91,272,91,2,1,1,2
2024,PHI,11,WAS,26.0,18.0,221,228,191,93,0,3,1,1
2024,PIT,11,BAL,18.0,16.0,205,122,207,124,0,0,1,1
2024,SEA,11,SF,20.0,17.0,221,94,159,131,0,2,1,1
2024,SF,11,SEA,17.0,20.0,159,131,221,94,1,1,0,2
2024,TEN,11,MIN,13.0,23.0,295,33,246,82,1,0,2,1
2024,WAS,11,PHI,18.0,26.0,191,93,221,228,1,1,0,3
2024,ARI,12,SEA,6.0,16.0,285,49,254,65,0,0,1,0
2024,BAL,12,LAC,30.0,23.0,177,212,218,83,2,2,0,2
2024,CAR,12,KC,27.0,30.0,263,85,269,165,1,1,3,0
2024,CHI,12,MIN,27.0,30.0,340,78,344,124,2,1,2,1
2024,CLE,12,PIT,24.0,19.0,219,85,270,120,0,3,1,1
2024,DAL,12,WAS,34.0,26.0,247,91,275,145,2,0,2,1
2024,DEN,12,LV,29.0,19.0,273,63,328,69,2,0,1,0
2024,DET,12,IND,24.0,6.0,269,137,172,96,0,3,0,0
2024,GB,12,SF,38.0,10.0,163,169,199,44,2,3,1,0
2024,HOU,12,TEN,27.0,32.0,247,40,278,132,2,0,2,1
2024,IND,12,DET,6.0,24.0,172,96,269,137,0,0,0,3
2024,KC,12,CAR,30.0,27.0,269,165,263,85,3,0,1,1
2024,LA,12,PHI,20.0,37.0,243,92,179,314,2,1,1,3
2024,LAC,12,BAL,23.0,30.0,218,83,177,212,0,2,2,2
2024,LV,12,DEN,19.0,29.0,328,69,273,63,1,0,2,0
2024,MIA,12,NE,34.0,15.0,317,65,222,86,4,0,1,0
2024,MIN,12,CHI,30.0,27.0,344,124,340,78,2,1,2,1
2024,NE,12,MIA,15.0,34.0,222,86,317,65,1,0,4,0
2024,NYG,12,TB,7.0,30.0,192,76,294,157,0,1,0,4
2024,PHI,12,LA,37.0,20.0,179,314,243,92,1,3,2,1
2024,PIT,12,CLE,19.0,24.0,270,120,219,85,1,1,0,3
2024,SEA,12,ARI,16.0,6.0,254,65,285,49,1,0,0,0
2024,SF,12,GB,10.0,38.0,199,44,163,169,1,0,2,3
2024,TB,12,NYG,30.0,7.0,294,157,192,76,0,4,0,1
2024,TEN,12,HOU,32.0,27.0,278,132,247,40,2,1,2,0
2024,WAS,12,DAL,26.0,34.0,275,145,247,91,2,1,2,0
2024,ARI,13,MIN,22.0,23.0,260,154,235,68,1,0,2,0
2024,ATL,13,LAC,13.0,17.0,245,116,150,56,0,1,0,0
2024,BAL,13,PHI,19.0,24.0,237,166,118,140,2,0,1,2
2024,BUF,13,SF,35.0,10.0,152,220,94,153,2,3,0,1
2024,CAR,13,TB,23.0,26.0,298,78,240,236,1,1,1,1
2024,CHI,13,DET,20.0,23.0,256,78,221,194,3,0,2,0
2024,CIN,13,PIT,38.0,44.0,309,93,414,110,3,1,3,1
2024,CLE,13,DEN,32.0,41.0,497,77,294,106,4,0,1,2
2024,DAL,13,NYG,27.0,20.0,195,122,178,116,1,1,0,2
2024,DEN,13,CLE,41.0,32.0,294,106,497,77,1,2,4,0
2024,DET,13,CHI,23.0,20.0,221,194,256,78,2,0,3,0
2024,GB,13,MIA,30.0,17.0,274,114,365,39,2,1,2,0
2024,HOU,13,JAX,23.0,20.0,242,108,276,97,1,1,2,0
2024,IND,13,NE,25.0,24.0,109,144,238,200,2,1,1,1
2024,JAX,13,HOU,20.0,23.0,276,97,242,108,2,0,1,1
2024,KC,13,LV,19.0,17.0,306,63,340,116,1,0,2,0
2024,LA,13,NO,21.0,14.0,183,156,184,143,2,1,1,0
2024,LAC,13,ATL,17.0,13.0,150,56,245,116,0,0,0,1
2024,LV,13,KC,17.0,19.0,340,116,306,63,2,0,1,0
2024,MIA,13,GB,17.0,30.0,365,39,274,114,2,0,2,1
2024,MIN,13,ARI,23.0,22.0,235,68,260,154,2,0,1,0
2024,NE,13,IND,24.0,25.0,238,200,109,144,1,1,2,1
2024,NO,13,LA,14.0,21.0,184,143,183,156,1,0,2,1
2024,NYG,13,DAL,20.0,27.0,178,116,195,122,0,2,1,1
2024,NYJ,13,SEA,21.0,26.0,185,89,206,84,2,0,1,1
2024,PHI,13,BAL,24.0,19.0,118,140,237,166,1,2,2,0
2024,PIT,13,CIN,44.0,38.0,414,110,309,93,3,1,3,1
2024,SEA,13,NYJ,26.0,21.0,206,84,185,89,1,1,2,0
2024,SF,13,BUF,10.0,35.0,94,153,152,220,0,1,2,3
2024,TB,13,CAR,26.0,23.0,240,236,298,78,1,1,1,1
2024,TEN,13,WAS,19.0,42.0,212,35,206,267,2,0,3,3
2024,WAS,13,TEN,42.0,19.0,206,267,212,35,3,3,2,0
2024,ARI,14,SEA,18.0,30.0,259,121,233,176,2,0,1,2
2024,ATL,14,MIN,21.0,42.0,344,158,347,115,0,2,5,1
2024,BUF,14,LA,42.0,44.0,342,103,320,137,3,3,2,3
2024,CAR,14,PHI,16.0,22.0,191,118,108,209,1,1,2,1
2024,CHI,14,SF,13.0,38.0,140,68,325,131,2,0,2,3
2024,CIN,14,DAL,27.0,20.0,369,74,183,156,3,0,2,0
2024,CLE,14,PIT,14.0,27.0,212,104,158,120,2,0,2,1
2024,DAL,14,CIN,20.0,27.0,183,156,369,74,2,0,3,0
2024,DET,14,GB,34.0,31.0,283,111,206,99,3,1,1,3
2024,GB,14,DET,31.0,34.0,206,99,283,111,1,3,3,1
2024,JAX,14,TEN,10.0,6.0,220,71,168,126,0,1,0,0
2024,KC,14,LAC,19.0,17.0,210,96,213,94,1,0,1,1
2024,LA,14,BUF,44.0,42.0,320,137,342,103,2,3,3,3
2024,LAC,14,KC,17.0,19.0,213,94,210,96,1,1,1,0
2024,LV,14,TB,13.0,28.0,205,91,295,152,0,1,3,1
2024,MIA,14,NYJ,32.0,26.0,331,44,339,83,2,1,1,1
2024,MIN,14,ATL,42.0,21.0,347,115,344,158,5,1,0,2
2024,NO,14,NYG,14.0,11.0,219,92,227,112,1,1,0,1
2024,NYG,14,NO,11.0,14.0,227,112,219,92,0,1,1,1
2024,NYJ,14,MIA,26.0,32.0,339,83,331,44,1,1,2,1
2024,PHI,14,CAR,22.0,16.0,108,209,191,118,2,1,1,1
2024,PIT,14,CLE,27.0,14.0,158,120,212,104,2,1,2,0
2024,SEA,14,ARI,30.0,18.0,233,176,259,121,1,2,2,0
2024,SF,14,CHI,38.0,13.0,325,131,140,68,2,3,2,0
2024,TB,14,LV,28.0,13.0,295,152,205,91,3,1,0,1
2024,TEN,14,JAX,6.0,10.0,168,126,220,71,0,0,0,1
2024,ARI,15,NE,30.0,17.0,232,163,202,116,0,2,1,1
2024,ATL,15,LV,15.0,9.0,112,168,208,65,1,0,1,0
2024,BAL,15,NYG,35.0,14.0,290,170,191,55,5,0,1,1
2024,BUF,15,DET,48.0,42.0,362,197,494,48,2,4,5,1
2024,CAR,15,DAL,14.0,30.0,219,60,214,211,1,1,3,0
2024,CHI,15,MIN,12.0,30.0,196,113,231,114,1,0,1,2
2024,CIN,15,TEN,37.0,27.0,271,101,298,83,3,1,2,2
2024,CLE,15,KC,7.0,21.0,164,139,179,132,0,1,2,1
2024,DAL,15,CAR,30.0,14.0,214,211,219,60,3,0,1,1
2024,DEN,15,IND,31.0,13.0,130,72,172,149,3,0,0,1
2024,DET,15,BUF,42.0,48.0,494,48,362,197,5,1,2,4
2024,GB,15,SEA,30.0,13.0,229,140,173,80,2,1,0,1
2024,HOU,15,MIA,20.0,12.0,131,77,196,52,2,0,1,0
2024,IND,15,DEN,13.0,31.0,172,149,130,72,0,1,3,0
2024,JAX,15,NYJ,25.0,32.0,294,136,289,125,2,0,3,1
2024,KC,15,CLE,21.0,7.0,179,132,164,139,2,1,0,1
2024,LA,15,SF,12.0,6.0,160,142,142,63,0,0,0,0
2024,LAC,15,TB,17.0,40.0,199,32,288,223,2,0,4,0
2024,LV,15,ATL,9.0,15.0,208,65,112,168,1,0,1,0
2024,MIA,15,HOU,12.0,20.0,196,52,131,77,1,0,2,0
2024,MIN,15,CHI,30.0,12.0,231,114,196,113,1,2,1,0
2024,NE,15,ARI,17.0,30.0,202,116,232,163,1,1,0,2
2024,NO,15,WAS,19.0,20.0,205,69,226,137,2,0,2,0
2024,NYG,15,BAL,14.0,35.0,191,55,290,170,1,1,5,0
2024,NYJ,15,JAX,32.0,25.0,289,125,294,136,3,1,2,0
2024,PHI,15,PIT,27.0,13.0,290,131,128,56,2,1,1,0
2024,PIT,15,PHI,13.0,27.0,128,56,290,131,1,0,2,1
2024,SEA,15,GB,13.0,30.0,173,80,229,140,0,1,2,1
2024,SF,15,LA,6.0,12.0,142,63,160,142,0,0,0,0
2024,TB,15,LAC,40.0,17.0,288,223,199,32,4,0,2,0
2024,TEN,15,CIN,27.0,37.0,298,83,271,101,2,2,3,1
2024,WAS,15,NO,20.0,19.0,226,137,205,69,2,0,2,0
2024,ARI,16,CAR,30.0,36.0,202,206,158,243,1,2,2,3
2024,ATL,16,NYG,34.0,7.0,202,127,210,45,0,2,1,0
2024,BAL,16,PIT,34.0,17.0,207,220,217,117,3,0,2,0
2024,BUF,16,NE,24.0,21.0,154,172,261,126,1,1,2,1
2024,CAR,16,ARI,36.0,30.0,158,243,202,206,2,3,1,2
2024,CHI,16,DET,17.0,34.0,334,59,336,146,2,0,3,1
2024,CIN,16,CLE,24.0,6.0,252,116,157,148,3,0,0,1
2024,CLE,16,CIN,6.0,24.0,157,148,252,116,0,1,3,0
2024,DAL,16,TB,26.0,24.0,292,31,303,134,1,1,2,1
2024,DEN,16,LAC,27.0,34.0,263,110,284,117,2,1,2,2
2024,DET,16,CHI,34.0,17.0,336,146,334,59,3,1,2,0
2024,GB,16,NO,34.0,0.0,216,188,153,67,1,3,0,0
2024,HOU,16,KC,19.0,27.0,244,84,260,124,2,0,1,2
2024,IND,16,TEN,38.0,30.0,131,335,252,65,1,4,2,2
2024,JAX,16,LV,14.0,19.0,247,72,257,69,1,1,0,2
2024,KC,16,HOU,27.0,19.0,260,124,244,84,1,2,2,0
2024,LA,16,NYJ,19.0,9.0,110,132,256,75,1,1,1,0
2024,LAC,16,DEN,34.0,27.0,284,117,263,110,2,2,2,1
2024,LV,16,JAX,19.0,14.0,257,69,247,72,0,2,1,1
2024,MIA,16,SF,29.0,17.0,215,166,313,81,1,1,2,0
2024,MIN,16,SEA,27.0,24.0,246,81,314,59,3,0,3,0
2024,NE,16,BUF,21.0,24.0,261,126,154,172,2,1,1,1
2024,NO,16,GB,0.0,34.0,153,67,216,188,0,0,1,3
2024,NYG,16,ATL,7.0,34.0,210,45,202,127,1,0,0,2
2024,NYJ,16,LA,9.0,19.0,256,75,110,132,1,0,1,1
2024,PHI,16,WAS,33.0,36.0,154,211,258,113,1,2,5,0
2024,PIT,16,BAL,17.0,34.0,217,117,207,220,2,0,3,0
2024,SEA,16,MIN,24.0,27.0,314,59,246,81,3,0,3,0
2024,SF,16,MIA,17.0,29.0,313,81,215,166,2,0,1,1
2024,TB,16,DAL,24.0,26.0,303,134,292,31,2,1,1,1
2024,TEN,16,IND,30.0,38.0,252,65,131,335,2,2,1,4
2024,WAS,16,PHI,36.0,33.0,258,113,154,211,5,0,1,2
2024,ARI,17,LA,9.0,13.0,321,113,189,68,1,0,0,1
2024,ATL,17,WAS,24.0,30.0,223,126,227,216,1,2,3,1
2024,BAL,17,HOU,31.0,2.0,184,251,190,58,2,2,0,0
2024,BUF,17,NYJ,40.0,14.0,251,97,195,112,3,2,2,0
2024,CAR,17,TB,14.0,48.0,203,39,359,202,2,0,5,0
2024,CHI,17,SEA,3.0,6.0,122,103,160,122,0,0,0,0
2024,CIN,17,DEN,30.0,24.0,412,115,219,123,3,1,3,0
2024,CLE,17,MIA,3.0,20.0,170,114,225,74,0,0,1,1
2024,DAL,17,PHI,7.0,41.0,148,127,197,179,1,0,3,1
2024,DEN,17,CIN,24.0,30.0,219,123,412,115,3,0,3,1
2024,DET,17,SF,40.0,34.0,303,152,412,75,3,2,3,2
2024,GB,17,MIN,25.0,27.0,185,104,377,69,1,2,3,0
2024,HOU,17,BAL,2.0,31.0,190,58,184,251,0,0,2,2
2024,IND,17,NYG,33.0,45.0,330,126,309,80,2,2,4,1
2024,JAX,17,TEN,20.0,13.0,174,122,193,159,2,0,1,0
2024,KC,17,PIT,29.0,10.0,320,69,205,202,3,1,0,1
2024,LA,17,ARI,13.0,9.0,189,68,321,113,0,1,1,0
2024,LAC,17,NE,40.0,7.0,281,147,115,96,3,1,1,0
2024,LV,17,NO,25.0,10.0,242,156,218,81,2,0,1,0
2024,MIA,17,CLE,20.0,3.0,225,74,170,114,1,1,0,0
2024,MIN,17,GB,27.0,25.0,377,69,185,104,3,0,1,2
2024,NE,17,LAC,7.0,40.0,115,96,281,147,1,0,3,1
2024,NO,17,LV,10.0,25.0,218,81,242,156,1,0,2,0
2024,NYG,17,IND,45.0,33.0,309,80,330,126,4,1,2,2
2024,NYJ,17,BUF,14.0,40.0,195,112,251,97,2,0,3,2
2024,PHI,17,DAL,41.0,7.0,197,179,148,127,3,1,1,0
2024,PIT,17,KC,10.0,29.0,205,202,320,69,0,1,3,1
2024,SEA,17,CHI,6.0,3.0,160,122,122,103,0,0,0,0
2024,SF,17,DET,34.0,40.0,412,75,303,152,3,2,3,2
2024,TB,17,CAR,48.0,14.0,359,202,203,39,5,0,2,0
2024,TEN,17,JAX,13.0,20.0,193,159,174,122,1,0,2,0
2024,WAS,17,ATL,30.0,24.0,227,216,223,126,3,1,1,2
2024,ARI,18,SF,47.0,24.0,242,151,326,138,4,2,2,1
2024,ATL,18,CAR,38.0,44.0,312,227,270,155,2,3,3,3
2024,BAL,18,CLE,35.0,10.0,217,220,183,56,2,2,1,0
2024,BUF,18,NE,16.0,23.0,129,130,241,77,1,1,1,1
2024,CAR,18,ATL,44.0,38.0,270,155,312,227,3,3,2,3
2024,CHI,18,GB,24.0,22.0,148,83,205,183,1,1,0,2
2024,CIN,18,PIT,19.0,17.0,277,68,148,74,1,0,1,1
2024,CLE,18,BAL,10.0,35.0,183,56,217,220,1,0,2,2
2024,DAL,18,WAS,19.0,23.0,244,150,199,113,0,1,2,1
2024,DEN,18,KC,38.0,0.0,321,158,98,27,4,1,0,0
2024,DET,18,MIN,31.0,9.0,231,178,166,120,1,3,0,0
2024,GB,18,CHI,22.0,24.0,205,183,148,83,0,2,1,1
2024,HOU,18,TEN,23.0,14.0,178,207,245,85,1,1,1,0
2024,IND,18,JAX,26.0,23.0,264,177,225,113,1,1,1,1
2024,JAX,18,IND,23.0,26.0,225,113,264,177,1,1,1,1
2024,KC,18,DEN,0.0,38.0,98,27,321,158,0,0,4,1
2024,LA,18,SEA,25.0,30.0,334,84,223,126,2,0,4,0
2024,LAC,18,LV,34.0,20.0,346,137,225,39,2,1,2,0
2024,LV,18,LAC,20.0,34.0,225,39,346,137,2,0,2,1
2024,MIA,18,NYJ,20.0,32.0,227,135,274,118,1,1,4,0
2024,MIN,18,DET,9.0,31.0,166,120,231,178,0,0,1,3
2024,NE,18,BUF,23.0,16.0,241,77,129,130,1,1,1,1
2024,NO,18,TB,19.0,27.0,240,64,221,179,1,0,2,1
2024,NYG,18,PHI,13.0,20.0,138,100,269,51,1,0,2,0
2024,NYJ,18,MIA,32.0,20.0,274,118,227,135,4,0,1,1
2024,PHI,18,NYG,20.0,13.0,269,51,138,100,2,0,1,0
2024,PIT,18,CIN,17.0,19.0,148,74,277,68,1,1,1,0
2024,SEA,18,LA,30.0,25.0,223,126,334,84,4,0,2,0
2024,SF,18,ARI,24.0,47.0,326,138,242,151,2,1,4,2
2024,TB,18,NO,27.0,19.0,221,179,240,64,2,1,1,0
2024,TEN,18,HOU,14.0,23.0,245,85,178,207,1,0,1,1
2024,WAS,18,DAL,23.0,19.0,199,113,244,150,2,1,0,1
2023,ARI,1,WAS,16.0,20.0,132,96,202,92,0,0,1,1
2023,ATL,1,CAR,24.0,10.0,115,130,146,154,1,2,1,0
2023,BAL,1,HOU,25.0,9.0,169,110,242,72,0,3,0,0
2023,BUF,1,NYJ,16.0,22.0,236,97,140,172,1,0,1,0
2023,CAR,1,ATL,10.0,24.0,146,154,115,130,1,0,1,2
2023,CHI,1,GB,20.0,38.0,216,122,245,92,1,1,3,1
2023,CIN,1,CLE,3.0,24.0,82,75,154,206,0,0,1,1
2023,CLE,1,CIN,24.0,3.0,154,206,82,75,1,1,0,0
2023,DAL,1,NYG,40.0,0.0,143,122,110,108,0,3,0,0
2023,DEN,1,LV,16.0,17.0,177,94,200,61,2,0,2,0
2023,DET,1,KC,21.0,20.0,253,118,226,90,1,1,2,0
2023,GB,1,CHI,38.0,20.0,245,92,216,122,3,1,1,1
2023,HOU,1,BAL,9.0,25.0,242,72,169,110,0,0,0,3
2023,IND,1,JAX,21.0,31.0,223,65,241,105,1,1,2,2
2023,JAX,1,IND,31.0,21.0,241,105,223,65,2,2,1,1
2023,KC,1,DET,20.0,21.0,226,90,253,118,2,0,1,1
2023,LA,1,SEA,30.0,13.0,334,92,112,85,0,3,1,0
2023,LAC,1,MIA,34.0,36.0,229,233,466,70,1,3,3,1
2023,LV,1,DEN,17.0,16.0,200,61,177,94,2,0,2,0
2023,MIA,1,LAC,36.0,34.0,466,70,229,233,3,1,1,3
2023,MIN,1,TB,17.0,20.0,344,41,173,73,2,0,2,0
2023,NE,1,PHI,20.0,25.0,316,76,170,97,3,0,1,0
2023,NO,1,TEN,16.0,15.0,305,69,198,104,1,0,0,0
2023,NYG,1,DAL,0.0,40.0,110,108,143,122,0,0,0,3
2023,NYJ,1,BUF,22.0,16.0,140,172,236,97,1,0,1,0
2023,PHI,1,NE,25.0,20.0,170,97,316,76,1,0,3,0
2023,PIT,1,SF,7.0,30.0,232,41,220,188,1,0,2,1
2023,SEA,1,LA,13.0,30.0,112,85,334,92,1,0,0,3
2023,SF,1,PIT,30.0,7.0,220,188,232,41,2,1,1,0
2023,TB,1,MIN,20.0,17.0,173,73,344,41,2,0,2,0
2023,TEN,1,NO,15.0,16.0,198,104,305,69,0,0,1,0
2023,WAS,1,ARI,20.0,16.0,202,92,132,96,1,1,0,0
2023,ARI,2,NYG,28.0,31.0,228,151,321,127,1,2,2,2
2023,ATL,2,GB,25.0,24.0,237,211,151,84,1,1,3,0
2023,BAL,2,CIN,27.0,24.0,237,178,222,66,2,1,2,0
2023,BUF,2,LV,38.0,10.0,274,183,185,55,3,2,1,0
2023,CAR,2,NO,17.0,20.0,153,100,236,134,1,0,0,2
2023,CHI,2,TB,17.0,27.0,211,67,317,120,1,1,1,1
2023,CIN,2,BAL,24.0,27.0,222,66,237,178,2,0,2,1
2023,CLE,2,PIT,22.0,26.0,235,198,222,55,1,1,1,0
2023,DAL,2,NYJ,30.0,10.0,255,134,170,64,2,0,1,0
2023,DEN,2,WAS,33.0,35.0,308,122,299,122,3,1,2,2
2023,DET,2,SEA,31.0,37.0,323,102,328,82,3,1,2,2
2023,GB,2,ATL,24.0,25.0,151,84,237,211,3,0,1,1
2023,HOU,2,IND,20.0,31.0,384,52,227,126,2,0,1,3
2023,IND,2,HOU,31.0,20.0,227,126,384,52,1,3,2,0
2023,JAX,2,KC,9.0,17.0,215,74,305,101,0,0,2,0
2023,KC,2,JAX,17.0,9.0,305,101,215,74,2,0,0,0
2023,LA,2,SF,23.0,30.0,307,89,206,159,1,1,0,3
2023,LAC,2,TEN,24.0,27.0,305,61,246,141,2,0,1,2
2023,LV,2,BUF,10.0,38.0,185,55,274,183,1,0,3,2
2023,MIA,2,NE,24.0,17.0,249,145,231,88,1,2,1,1
2023,MIN,2,PHI,28.0,34.0,364,28,193,259,4,0,1,3
2023,NE,2,MIA,17.0,24.0,231,88,249,145,1,1,1,2
2023,NO,2,CAR,20.0,17.0,236,134,153,100,0,2,1,0
2023,NYG,2,ARI,31.0,28.0,321,127,228,151,2,2,1,2
2023,NYJ,2,DAL,10.0,30.0,170,64,255,134,1,0,2,0
2023,PHI,2,MIN,34.0,28.0,193,259,364,28,1,3,4,0
2023,PIT,2,CLE,26.0,22.0,222,55,235,198,1,0,1,1
2023,SEA,2,DET,37.0,31.0,328,82,323,102,2,2,3,1
2023,SF,2,LA,30.0,23.0,206,159,307,89,0,3,1,1
2023,TB,2,CHI,27.0,17.0,317,120,211,67,1,1,1,1
2023,TEN,2,LAC,27.0,24.0,246,141,305,61,1,2,2,0
2023,WAS,2,DEN,35.0,33.0,299,122,308,122,2,2,3,1
2023,ARI,3,DAL,28.0,16.0,189,222,249,185,1,2,1,0
2023,ATL,3,DET,6.0,20.0,201,44,243,115,0,0,1,1
2023,BAL,3,IND,19.0,22.0,202,186,227,139,0,2,1,0
2023,BUF,3,WAS,37.0,3.0,218,168,170,105,1,2,0,0
2023,CAR,3,SEA,27.0,37.0,361,44,296,146,2,1,1,2
2023,CHI,3,KC,10.0,41.0,99,116,303,153,1,0,3,2
2023,CIN,3,LA,19.0,16.0,259,67,269,71,0,1,1,0
2023,CLE,3,TEN,27.0,3.0,289,78,104,26,2,1,0,0
2023,DAL,3,ARI,16.0,28.0,249,185,189,222,1,0,1,2
2023,DEN,3,MIA,20.0,70.0,306,69,376,350,1,0,5,5
2023,DET,3,ATL,20.0,6.0,243,115,201,44,1,1,0,0
2023,GB,3,NO,18.0,17.0,259,95,204,77,1,1,1,0
2023,HOU,3,JAX,37.0,17.0,280,86,288,116,2,1,1,1
2023,IND,3,BAL,22.0,19.0,227,139,202,186,1,0,0,2
2023,JAX,3,HOU,17.0,37.0,288,116,280,86,1,1,2,1
2023,KC,3,CHI,41.0,10.0,303,153,99,116,3,2,1,0
2023,LA,3,CIN,16.0,19.0,269,71,259,67,1,0,0,1
2023,LAC,3,MIN,28.0,24.0,454,30,367,130,4,0,3,0
2023,LV,3,PIT,18.0,23.0,324,69,235,105,2,0,2,0
2023,MIA,3,DEN,70.0,20.0,376,350,306,69,5,5,1,0
2023,MIN,3,LAC,24.0,28.0,367,130,454,30,3,0,4,0
2023,NE,3,NYJ,15.0,10.0,201,157,157,38,1,0,0,1
2023,NO,3,GB,17.0,18.0,204,77,259,95,1,0,1,1
2023,NYG,3,SF,12.0,30.0,137,29,310,141,0,1,2,1
2023,NYJ,3,NE,10.0,15.0,157,38,201,157,0,1,1,0
2023,PHI,3,TB,25.0,11.0,277,201,146,41,1,1,1,0
2023,PIT,3,LV,23.0,18.0,235,105,324,69,2,0,2,0
2023,SEA,3,CAR,37.0,27.0,296,146,361,44,1,2,2,1
2023,SF,3,NYG,30.0,12.0,310,141,137,29,2,1,0,1
2023,TB,3,PHI,11.0,25.0,146,41,277,201,1,0,1,1
2023,TEN,3,CLE,3.0,27.0,104,26,289,78,0,0,2,1
2023,WAS,3,BUF,3.0,37.0,170,105,218,168,0,0,1,2
2023,ARI,4,SF,16.0,35.0,265,105,283,124,2,0,1,4
2023,ATL,4,JAX,7.0,23.0,191,127,207,105,1,0,1,0
2023,BAL,4,CLE,28.0,3.0,186,131,121,93,2,2,0,0
2023,BUF,4,MIA,48.0,20.0,320,104,282,142,4,2,1,2
2023,CAR,4,MIN,13.0,21.0,204,83,139,135,0,0,2,0
2023,CHI,4,DEN,28.0,31.0,335,171,223,97,4,0,3,0
2023,CIN,4,TEN,3.0,27.0,165,72,242,173,0,0,2,1
2023,CLE,4,BAL,3.0,28.0,121,93,186,131,0,0,2,2
2023,DAL,4,NE,38.0,3.0,281,124,207,53,1,1,0,0
2023,DEN,4,CHI,31.0,28.0,223,97,335,171,3,0,4,0
2023,DET,4,GB,34.0,20.0,210,211,246,27,1,3,1,1
2023,GB,4,DET,20.0,34.0,246,27,210,211,1,1,1,3
2023,HOU,4,PIT,30.0,6.0,312,139,132,114,3,0,0,0
2023,IND,4,LA,23.0,29.0,200,133,319,164,2,1,1,2
2023,JAX,4,ATL,23.0,7.0,207,105,191,127,1,0,1,0
2023,KC,4,NYJ,23.0,20.0,203,204,245,108,1,1,2,0
2023,LA,4,IND,29.0,23.0,319,164,200,133,1,2,2,1
2023,LAC,4,LV,24.0,17.0,167,155,238,76,1,2,0,2
2023,LV,4,LAC,17.0,24.0,238,76,167,155,0,2,1,2
2023,MIA,4,BUF,20.0,48.0,282,142,320,104,1,2,4,2
2023,MIN,4,CAR,21.0,13.0,139,135,204,83,2,0,0,0
2023,NE,4,DAL,3.0,38.0,207,53,281,124,0,0,1,1
2023,NO,4,TB,9.0,26.0,140,70,246,114,0,0,3,0
2023,NYG,4,SEA,3.0,24.0,203,112,173,121,0,0,1,1
2023,NYJ,4,KC,20.0,23.0,245,108,203,204,2,0,1,1
2023,PHI,4,WAS,34.0,31.0,319,104,290,107,2,1,1,2
2023,PIT,4,HOU,6.0,30.0,132,114,312,139,0,0,3,0
2023,SEA,4,NYG,24.0,3.0,173,121,203,112,1,1,0,0
2023,SF,4,ARI,35.0,16.0,283,124,265,105,1,4,2,0
2023,TB,4,NO,26.0,9.0,246,114,140,70,3,0,0,0
2023,TEN,4,CIN,27.0,3.0,242,173,165,72,2,1,0,0
2023,WAS,4,PHI,31.0,34.0,290,107,319,104,1,2,2,1
2023,ARI,5,CIN,20.0,34.0,166,142,317,93,2,1,3,0
2023,ATL,5,HOU,21.0,19.0,351,96,249,64,1,1,1,0
2023,BAL,5,PIT,10.0,17.0,236,125,224,87,0,1,1,0
2023,BUF,5,JAX,20.0,25.0,359,29,315,196,2,1,1,2
2023,CAR,5,DET,24.0,42.0,247,99,236,159,3,0,3,3
2023,CHI,5,WAS,40.0,20.0,282,178,388,29,4,0,2,0
2023,CIN,5,ARI,34.0,20.0,317,93,166,142,3,0,2,1
2023,DAL,5,SF,10.0,42.0,161,57,253,170,1,0,4,2
2023,DEN,5,NYJ,21.0,31.0,196,139,199,234,2,0,0,1
2023,DET,5,CAR,42.0,24.0,236,159,247,99,3,3,3,0
2023,GB,5,LV,13.0,17.0,182,110,208,96,0,1,1,1
2023,HOU,5,ATL,19.0,21.0,249,64,351,96,1,0,1,1
2023,IND,5,TEN,23.0,16.0,253,193,264,89,0,2,0,1
2023,JAX,5,BUF,25.0,20.0,315,196,359,29,1,2,2,1
2023,KC,5,MIN,27.0,20.0,281,67,284,70,2,1,2,0
2023,LA,5,PHI,14.0,23.0,222,54,303,159,2,0,1,1
2023,LV,5,GB,17.0,13.0,208,96,182,110,1,1,0,1
2023,MIA,5,NYG,31.0,16.0,308,222,205,85,2,2,0,0
2023,MIN,5,KC,20.0,27.0,284,70,281,67,2,0,2,1
2023,NE,5,NO,0.0,34.0,132,45,183,136,0,0,2,1
2023,NO,5,NE,34.0,0.0,183,136,132,45,2,1,0,0
2023,NYG,5,MIA,16.0,31.0,205,85,308,222,0,0,2,2
2023,NYJ,5,DEN,31.0,21.0,199,234,196,139,0,1,2,0
2023,PHI,5,LA,23.0,14.0,303,159,222,54,1,1,2,0
2023,PIT,5,BAL,17.0,10.0,224,87,236,125,1,0,0,1
2023,SF,5,DAL,42.0,10.0,253,170,161,57,4,2,1,0
2023,TEN,5,IND,16.0,23.0,264,89,253,193,0,1,0,2
2023,WAS,5,CHI,20.0,40.0,388,29,282,178,2,0,4,0
2023,ARI,6,LA,9.0,26.0,235,130,226,179,0,0,1,1
2023,ATL,6,WAS,16.0,24.0,307,106,151,72,2,0,3,0
2023,BAL,6,TEN,24.0,16.0,223,139,150,129,1,0,0,1
2023,BUF,6,NYG,14.0,9.0,169,128,200,132,2,0,0,0
2023,CAR,6,MIA,21.0,42.0,224,108,262,162,1,1,3,3
2023,CHI,6,MIN,13.0,19.0,141,162,181,46,0,1,1,0
2023,CIN,6,SEA,17.0,13.0,185,46,326,87,2,0,0,1
2023,CLE,6,SF,19.0,17.0,192,160,125,108,0,1,1,1
2023,DAL,6,LAC,20.0,17.0,272,96,227,53,1,1,2,0
2023,DEN,6,KC,8.0,19.0,95,115,306,96,1,0,1,0
2023,DET,6,TB,20.0,6.0,353,40,206,46,2,0,0,0
2023,HOU,6,NO,20.0,13.0,199,120,357,89,2,0,1,0
2023,IND,6,JAX,20.0,37.0,329,44,181,85,1,1,2,2
2023,JAX,6,IND,37.0,20.0,181,85,329,44,2,2,1,1
2023,KC,6,DEN,19.0,8.0,306,96,95,115,1,0,1,0
2023,LA,6,ARI,26.0,9.0,226,179,235,130,1,1,0,0
2023,LAC,6,DAL,17.0,20.0,227,53,272,96,2,0,1,1
2023,LV,6,NE,21.0,17.0,264,84,200,83,1,0,0,2
2023,MIA,6,CAR,42.0,21.0,262,162,224,108,3,3,1,1
2023,MIN,6,CHI,19.0,13.0,181,46,141,162,1,0,0,1
2023,NE,6,LV,17.0,21.0,200,83,264,84,0,2,1,0
2023,NO,6,HOU,13.0,20.0,357,89,199,120,1,0,2,0
2023,NYG,6,BUF,9.0,14.0,200,132,169,128,0,0,2,0
2023,NYJ,6,PHI,20.0,14.0,186,89,280,80,0,1,1,1
2023,PHI,6,NYJ,14.0,20.0,280,80,186,89,1,1,0,1
2023,SEA,6,CIN,13.0,17.0,326,87,185,46,0,1,2,0
2023,SF,6,CLE,17.0,19.0,125,108,192,160,1,1,0,1
2023,TB,6,DET,6.0,20.0,206,46,353,40,0,0,2,0
2023,TEN,6,BAL,16.0,24.0,150,129,223,139,0,1,1,0
2023,WAS,6,ATL,24.0,16.0,151,72,307,106,3,0,2,0
2023,ARI,7,SEA,10.0,20.0,150,127,219,115,0,1,2,0
2023,ATL,7,TB,16.0,13.0,250,156,275,73,0,1,1,0
2023,BAL,7,DET,38.0,6.0,357,146,284,84,3,2,0,1
2023,BUF,7,NE,25.0,29.0,265,81,272,96,2,1,2,1
2023,CHI,7,LV,30.0,12.0,162,173,204,39,1,2,1,0
2023,CLE,7,IND,39.0,38.0,183,150,305,168,0,3,2,3
2023,DEN,7,GB,19.0,17.0,194,145,194,137,1,0,2,0
2023,DET,7,BAL,6.0,38.0,284,84,357,146,0,1,3,2
2023,GB,7,DEN,17.0,19.0,194,137,194,145,2,0,1,0
2023,IND,7,CLE,38.0,39.0,305,168,183,150,2,3,0,3
2023,JAX,7,NO,31.0,24.0,217,113,301,112,1,2,1,1
2023,KC,7,LAC,31.0,17.0,424,68,259,139,4,0,1,1
2023,LA,7,PIT,17.0,24.0,231,135,230,86,1,1,0,3
2023,LAC,7,KC,17.0,31.0,259,139,424,68,1,1,4,0
2023,LV,7,CHI,12.0,30.0,204,39,162,173,1,0,1,2
2023,MIA,7,PHI,17.0,31.0,216,45,279,99,1,0,2,2
2023,MIN,7,SF,22.0,17.0,378,74,272,65,2,0,1,1
2023,NE,7,BUF,29.0,25.0,272,96,265,81,2,1,2,1
2023,NO,7,JAX,24.0,31.0,301,112,217,113,1,1,1,2
2023,NYG,7,WAS,14.0,7.0,279,106,249,76,2,0,0,1
2023,PHI,7,MIA,31.0,17.0,279,99,216,45,2,2,1,0
2023,PIT,7,LA,24.0,17.0,230,86,231,135,0,3,1,1
2023,SEA,7,ARI,20.0,10.0,219,115,150,127,2,0,0,1
2023,SF,7,MIN,17.0,22.0,272,65,378,74,1,1,2,0
2023,TB,7,ATL,13.0,16.0,275,73,250,156,1,0,0,1
2023,WAS,7,NYG,7.0,14.0,249,76,279,106,0,1,2,0
2023,ARI,8,BAL,24.0,31.0,208,129,157,130,2,1,1,3
2023,ATL,8,TEN,23.0,28.0,246,140,238,149,1,1,4,0
2023,BAL,8,ARI,31.0,24.0,157,130,208,129,1,3,2,1
2023,BUF,8,TB,24.0,18.0,324,115,237,78,2,1,2,0
2023,CAR,8,HOU,15.0,13.0,235,44,140,110,1,0,0,2
2023,CHI,8,LAC,13.0,30.0,232,73,298,54,0,2,3,0
2023,CIN,8,SF,31.0,17.0,283,134,365,113,3,1,1,1
2023,CLE,8,SEA,20.0,24.0,257,155,254,114,1,1,2,1
2023,DAL,8,LA,43.0,20.0,307,102,204,92,4,0,1,1
2023,DEN,8,KC,24.0,9.0,114,153,240,62,3,0,0,0
2023,DET,8,LV,26.0,14.0,272,222,126,80,1,1,0,1
2023,GB,8,MIN,10.0,24.0,229,74,297,62,1,0,2,1
2023,HOU,8,CAR,13.0,15.0,140,110,235,44,0,2,1,0
2023,IND,8,NO,27.0,38.0,213,164,354,161,2,1,2,3
2023,JAX,8,PIT,20.0,10.0,292,106,211,70,1,0,1,0
2023,KC,8,DEN,9.0,24.0,240,62,114,153,0,0,3,0
2023,LA,8,DAL,20.0,43.0,204,92,307,102,1,1,4,0
2023,LAC,8,CHI,30.0,13.0,298,54,232,73,3,0,0,2
2023,LV,8,DET,14.0,26.0,126,80,272,222,0,1,1,1
2023,MIA,8,NE,31.0,17.0,324,78,161,77,3,1,2,0
2023,MIN,8,GB,24.0,10.0,297,62,229,74,2,1,1,0
2023,NE,8,MIA,17.0,31.0,161,77,324,78,2,0,3,1
2023,NO,8,IND,38.0,27.0,354,161,213,164,2,3,2,1
2023,NYG,8,NYJ,10.0,13.0,7,203,240,58,0,1,1,0
2023,NYJ,8,NYG,13.0,10.0,240,58,7,203,1,0,0,1
2023,PHI,8,WAS,38.0,31.0,319,59,397,84,4,1,4,0
2023,PIT,8,JAX,10.0,20.0,211,70,292,106,1,0,1,0
2023,SEA,8,CLE,24.0,20.0,254,114,257,155,2,1,1,1
2023,SF,8,CIN,17.0,31.0,365,113,283,134,1,1,3,1
2023,TB,8,BUF,18.0,24.0,237,78,324,115,2,0,2,1
2023,TEN,8,ATL,28.0,23.0,238,149,246,140,4,0,1,1
2023,WAS,8,PHI,31.0,38.0,397,84,319,59,4,0,4,1
2023,ARI,9,CLE,0.0,27.0,58,41,219,113,0,0,2,1
2023,ATL,9,MIN,28.0,31.0,268,110,236,146,1,1,2,1
2023,BAL,9,SEA,37.0,3.0,225,298,157,28,1,3,0,0
2023,BUF,9,CIN,18.0,24.0,258,68,348,54,1,1,2,1
2023,CAR,9,IND,13.0,27.0,173,138,127,78,1,0,1,0
2023,CHI,9,NO,17.0,24.0,220,156,214,87,2,0,3,0
2023,CIN,9,BUF,24.0,18.0,348,54,258,68,2,1,1,1
2023,CLE,9,ARI,27.0,0.0,219,113,58,41,2,1,0,0
2023,DAL,9,PHI,23.0,28.0,374,73,207,109,3,0,2,2
2023,GB,9,LA,20.0,3.0,228,184,130,68,1,1,0,0
2023,HOU,9,TB,39.0,37.0,470,53,265,81,5,0,2,2
2023,IND,9,CAR,27.0,13.0,127,78,173,138,1,0,1,0
2023,KC,9,MIA,21.0,14.0,185,93,193,117,2,0,1,1
2023,LA,9,GB,3.0,20.0,130,68,228,184,0,0,1,1
2023,LAC,9,NYJ,27.0,6.0,136,84,263,64,0,2,0,0
2023,LV,9,NYG,30.0,6.0,209,125,200,123,0,3,1,0
2023,MIA,9,KC,14.0,21.0,193,117,185,93,1,1,2,0
2023,MIN,9,ATL,31.0,28.0,236,146,268,110,2,1,1,1
2023,NE,9,WAS,17.0,20.0,220,107,325,124,1,1,1,1
2023,NO,9,CHI,24.0,17.0,214,87,220,156,3,0,2,0
2023,NYG,9,LV,6.0,30.0,200,123,209,125,1,0,0,3
2023,NYJ,9,LAC,6.0,27.0,263,64,136,84,0,0,0,2
2023,PHI,9,DAL,28.0,23.0,207,109,374,73,2,2,3,0
2023,PIT,9,TEN,20.0,16.0,160,166,262,105,1,1,0,1
2023,SEA,9,BAL,3.0,37.0,157,28,225,298,0,0,1,3
2023,TB,9,HOU,37.0,39.0,265,81,470,53,2,2,5,0
2023,TEN,9,PIT,16.0,20.0,262,105,160,166,0,1,1,1
2023,WAS,9,NE,20.0,17.0,325,124,220,107,1,1,1,1
2023,ARI,10,ATL,25.0,23.0,249,122,94,184,0,2,1,2
2023,ATL,10,ARI,23.0,25.0,94,184,249,122,1,2,0,2
2023,BAL,10,CLE,31.0,33.0,223,106,213,178,1,2,1,1
2023,BUF,10,DEN,22.0,24.0,177,192,193,122,1,2,2,0
2023,CAR,10,CHI,13.0,16.0,185,43,162,133,0,0,0,1
2023,CHI,10,CAR,16.0,13.0,162,133,185,43,0,1,0,0
2023,CIN,10,HOU,27.0,30.0,347,66,356,188,2,1,1,2
2023,CLE,10,BAL,33.0,31.0,213,178,223,106,1,1,1,2
2023,DAL,10,NYG,49.0,17.0,472,168,86,111,4,3,2,0
2023,DEN,10,BUF,24.0,22.0,193,122,177,192,2,0,1,2
2023,DET,10,LAC,41.0,38.0,333,200,323,98,2,3,4,1
2023,GB,10,PIT,19.0,23.0,289,116,126,205,2,0,0,2
2023,HOU,10,CIN,30.0,27.0,356,188,347,66,1,2,2,1
2023,IND,10,NE,10.0,6.0,194,70,195,167,0,1,0,0
2023,JAX,10,SF,3.0,34.0,190,59,302,144,0,0,3,1
2023,LAC,10,DET,38.0,41.0,323,98,333,200,4,1,2,3
2023,LV,10,NYJ,16.0,12.0,153,148,263,108,1,0,0,0
2023,MIN,10,NO,27.0,19.0,268,125,232,65,1,2,2,0
2023,NE,10,IND,6.0,10.0,195,167,194,70,0,0,0,1
2023,NO,10,MIN,19.0,27.0,232,65,268,125,2,0,1,2
2023,NYG,10,DAL,17.0,49.0,86,111,472,168,2,0,4,3
2023,NYJ,10,LV,12.0,16.0,263,108,153,148,0,0,1,0
2023,PIT,10,GB,23.0,19.0,126,205,289,116,0,2,2,0
2023,SEA,10,WAS,29.0,26.0,369,120,312,68,2,0,3,0
2023,SF,10,JAX,34.0,3.0,302,144,190,59,3,1,0,0
2023,TB,10,TEN,20.0,6.0,278,77,199,42,2,0,0,0
2023,TEN,10,TB,6.0,20.0,199,42,278,77,0,0,2,0
2023,WAS,10,SEA,26.0,29.0,312,68,369,120,3,0,2,0
2023,ARI,11,HOU,16.0,21.0,214,123,338,111,1,1,2,1
2023,BAL,11,CIN,34.0,20.0,264,157,169,136,2,2,2,0
2023,BUF,11,NYJ,32.0,6.0,275,130,132,63,3,0,1,0
2023,CAR,11,DAL,10.0,33.0,123,110,204,107,1,0,2,1
2023,CHI,11,DET,26.0,31.0,169,183,236,115,1,1,2,2
2023,CIN,11,BAL,20.0,34.0,169,136,264,157,2,0,2,2
2023,CLE,11,PIT,13.0,10.0,165,96,106,172,0,1,0,1
2023,DAL,11,CAR,33.0,10.0,204,107,123,110,2,1,1,0
2023,DEN,11,MIN,21.0,20.0,259,46,221,175,1,0,1,1
2023,DET,11,CHI,31.0,26.0,236,115,169,183,2,2,1,1
2023,GB,11,LAC,23.0,20.0,322,102,260,150,2,1,2,0
2023,HOU,11,ARI,21.0,16.0,338,111,214,123,2,1,1,1
2023,JAX,11,TEN,34.0,14.0,262,128,158,92,2,2,2,0
2023,KC,11,PHI,17.0,21.0,177,168,150,114,2,0,0,3
2023,LA,11,SEA,17.0,16.0,190,82,236,68,1,1,1,0
2023,LAC,11,GB,20.0,23.0,260,150,322,102,2,0,2,1
2023,LV,11,MIA,13.0,20.0,271,36,325,99,1,0,2,0
2023,MIA,11,LV,20.0,13.0,325,99,271,36,2,0,1,0
2023,MIN,11,DEN,20.0,21.0,221,175,259,46,1,1,1,0
2023,NYG,11,WAS,31.0,19.0,246,91,256,174,3,0,1,1
2023,NYJ,11,BUF,6.0,32.0,132,63,275,130,1,0,3,0
2023,PHI,11,KC,21.0,17.0,150,114,177,168,0,3,2,0
2023,PIT,11,CLE,10.0,13.0,106,172,165,96,0,1,0,1
2023,SEA,11,LA,16.0,17.0,236,68,190,82,1,0,1,1
2023,SF,11,TB,27.0,14.0,333,115,246,66,3,0,1,1
2023,TB,11,SF,14.0,27.0,246,66,333,115,1,1,3,0
2023,TEN,11,JAX,14.0,34.0,158,92,262,128,2,0,2,2
2023,WAS,11,NYG,19.0,31.0,256,174,246,91,1,1,3,0
2023,ARI,12,LA,14.0,37.0,256,73,229,228,1,1,4,1
2023,ATL,12,NO,24.0,15.0,168,228,304,148,1,1,0,0
2023,BAL,12,LAC,20.0,10.0,177,197,217,86,1,1,1,0
2023,BUF,12,PHI,34.0,37.0,339,173,200,185,2,2,3,2
2023,CAR,12,TEN,10.0,17.0,194,96,185,80,0,1,0,2
2023,CHI,12,MIN,12.0,10.0,217,118,185,73,0,0,1,0
2023,CIN,12,PIT,10.0,16.0,227,25,278,153,1,0,0,1
2023,CLE,12,DEN,12.0,29.0,190,107,134,169,1,0,1,2
2023,DAL,12,WAS,45.0,10.0,331,100,300,108,4,1,0,1
2023,DEN,12,CLE,29.0,12.0,134,169,190,107,1,2,1,0
2023,DET,12,GB,22.0,29.0,332,140,268,109,2,1,3,0
2023,GB,12,DET,29.0,22.0,268,109,332,140,3,0,2,1
2023,HOU,12,JAX,21.0,24.0,304,91,364,81,2,1,1,1
2023,IND,12,TB,27.0,20.0,251,155,199,125,0,3,2,0
2023,JAX,12,HOU,24.0,21.0,364,81,304,91,1,1,2,1
2023,KC,12,LV,31.0,17.0,298,69,248,123,2,2,1,1
2023,LA,12,ARI,37.0,14.0,229,228,256,73,4,1,1,1
2023,LAC,12,BAL,10.0,20.0,217,86,177,197,1,0,1,1
2023,LV,12,KC,17.0,31.0,248,123,298,69,1,1,2,2
2023,MIA,12,NYJ,34.0,13.0,243,167,179,29,1,2,1,0
2023,MIN,12,CHI,10.0,12.0,185,73,217,118,1,0,0,0
2023,NE,12,NYG,7.0,10.0,143,147,191,58,0,1,1,0
2023,NO,12,ATL,15.0,24.0,304,148,168,228,0,0,1,1
2023,NYG,12,NE,10.0,7.0,191,58,143,147,1,0,0,1
2023,NYJ,12,MIA,13.0,34.0,179,29,243,167,1,0,1,2
2023,PHI,12,BUF,37.0,34.0,200,185,339,173,3,2,2,2
2023,PIT,12,CIN,16.0,10.0,278,153,227,25,0,1,1,0
2023,SEA,12,SF,13.0,31.0,180,88,209,169,0,0,1,3
2023,SF,12,SEA,31.0,13.0,209,169,180,88,1,3,0,0
2023,TB,12,IND,20.0,27.0,199,125,251,155,2,0,0,3
2023,TEN,12,CAR,17.0,10.0,185,80,194,96,0,2,0,1
2023,WAS,12,DAL,10.0,45.0,300,108,331,100,0,1,4,1
2023,ARI,13,PIT,24.0,10.0,145,150,187,130,1,2,1,0
2023,ATL,13,NYJ,13.0,8.0,121,90,214,62,1,0,0,0
2023,CAR,13,TB,18.0,21.0,178,133,202,128,0,2,1,2
2023,CIN,13,JAX,34.0,31.0,347,156,321,71,1,3,2,2
2023,CLE,13,LA,19.0,36.0,254,87,279,120,2,0,3,1
2023,DAL,13,SEA,41.0,35.0,299,136,334,72,3,1,3,2
2023,DEN,13,HOU,17.0,22.0,186,118,292,89,1,1,1,1
2023,DET,13,NO,33.0,28.0,213,142,267,113,2,2,1,3
2023,GB,13,KC,27.0,19.0,267,129,210,148,3,0,1,1
2023,HOU,13,DEN,22.0,17.0,292,89,186,118,1,1,1,1
2023,IND,13,TEN,31.0,28.0,312,55,224,177,2,0,1,2
2023,JAX,13,CIN,31.0,34.0,321,71,347,156,2,2,1,3
2023,KC,13,GB,19.0,27.0,210,148,267,129,1,1,3,0
2023,LA,13,CLE,36.0,19.0,279,120,254,87,3,1,2,0
2023,LAC,13,NE,6.0,0.0,212,29,141,148,0,0,0,0
2023,MIA,13,WAS,45.0,15.0,283,123,127,138,2,3,0,2
2023,NE,13,LAC,0.0,6.0,141,148,212,29,0,0,0,0
2023,NO,13,DET,28.0,33.0,267,113,213,142,1,3,2,2
2023,NYJ,13,ATL,8.0,13.0,214,62,121,90,0,0,1,0
2023,PHI,13,SF,19.0,42.0,314,46,314,146,1,1,4,2
2023,PIT,13,ARI,10.0,24.0,187,130,145,150,1,0,1,2
2023,SEA,13,DAL,35.0,41.0,334,72,299,136,3,2,3,1
2023,SF,13,PHI,42.0,19.0,314,146,314,46,4,2,1,1
2023,TB,13,CAR,21.0,18.0,202,128,178,133,1,2,0,2
2023,TEN,13,IND,28.0,31.0,224,177,312,55,1,2,2,0
2023,WAS,13,MIA,15.0,45.0,127,138,283,123,0,2,2,3
2023,ATL,14,TB,25.0,29.0,347,96,144,148,1,2,2,1
2023,BAL,14,LA,37.0,31.0,316,139,294,128,3,0,3,0
2023,BUF,14,KC,20.0,17.0,233,118,271,82,1,1,1,1
2023,CAR,14,NO,6.0,28.0,137,204,119,97,0,0,2,1
2023,CHI,14,DET,28.0,13.0,223,142,161,140,1,2,1,1
2023,CIN,14,IND,34.0,14.0,274,111,240,46,2,2,1,0
2023,CLE,14,JAX,31.0,27.0,311,82,257,58,3,1,3,1
2023,DAL,14,PHI,33.0,13.0,271,138,225,106,2,1,0,0
2023,DEN,14,LAC,24.0,7.0,224,106,275,76,2,1,0,1
2023,DET,14,CHI,13.0,28.0,161,140,223,142,1,1,1,2
2023,GB,14,NYG,22.0,24.0,218,123,158,209,1,1,1,2
2023,HOU,14,NYJ,6.0,30.0,95,81,301,79,0,1,2,1
2023,IND,14,CIN,14.0,34.0,240,46,274,111,1,0,2,2
2023,JAX,14,CLE,27.0,31.0,257,58,311,82,3,1,3,1
2023,KC,14,BUF,17.0,20.0,271,82,233,118,1,1,1,1
2023,LA,14,BAL,31.0,37.0,294,128,316,139,3,0,3,0
2023,LAC,14,DEN,7.0,24.0,275,76,224,106,0,1,2,1
2023,LV,14,MIN,0.0,3.0,171,56,146,132,0,0,0,0
2023,MIA,14,TEN,27.0,28.0,240,158,327,83,0,2,1,2
2023,MIN,14,LV,3.0,0.0,146,132,171,56,0,0,0,0
2023,NE,14,PIT,21.0,18.0,240,81,190,82,3,0,1,1
2023,NO,14,CAR,28.0,6.0,119,97,137,204,2,1,0,0
2023,NYG,14,GB,24.0,22.0,158,209,218,123,1,2,1,1
2023,NYJ,14,HOU,30.0,6.0,301,79,95,81,2,1,0,1
2023,PHI,14,DAL,13.0,33.0,225,106,271,138,0,0,2,1
2023,PIT,14,NE,18.0,21.0,190,82,240,81,1,1,3,0
2023,SEA,14,SF,16.0,28.0,269,70,368,173,2,0,2,2
2023,SF,14,SEA,28.0,16.0,368,173,269,70,2,2,2,0
2023,TB,14,ATL,29.0,25.0,144,148,347,96,2,1,1,2
2023,TEN,14,MIA,28.0,27.0,327,83,240,158,1,2,0,2
2023,ARI,15,SF,29.0,45.0,211,234,262,144,1,2,4,1
2023,ATL,15,CAR,7.0,9.0,152,52,167,129,1,0,0,0
2023,BAL,15,JAX,23.0,7.0,171,251,264,75,1,1,1,0
2023,BUF,15,DAL,31.0,10.0,94,266,134,89,1,3,0,1
2023,CAR,15,ATL,9.0,7.0,167,129,152,52,0,0,1,0
2023,CHI,15,CLE,17.0,20.0,166,88,379,29,1,0,2,0
2023,CIN,15,MIN,27.0,24.0,324,80,303,143,2,1,2,1
2023,CLE,15,CHI,20.0,17.0,379,29,166,88,2,0,1,0
2023,DAL,15,BUF,10.0,31.0,134,89,94,266,0,1,1,3
2023,DEN,15,DET,17.0,42.0,223,83,278,185,1,1,5,1
2023,DET,15,DEN,42.0,17.0,278,185,223,83,5,1,1,1
2023,GB,15,TB,20.0,34.0,284,60,381,99,2,0,4,0
2023,HOU,15,TEN,19.0,16.0,229,148,199,66,1,0,0,1
2023,IND,15,PIT,30.0,13.0,215,170,172,74,3,0,1,1
2023,JAX,15,BAL,7.0,23.0,264,75,171,251,1,0,1,1
2023,KC,15,NE,27.0,17.0,309,43,180,52,3,0,1,1
2023,LA,15,WAS,28.0,20.0,258,196,226,79,2,1,3,0
2023,LAC,15,LV,21.0,63.0,257,92,260,124,3,0,5,2
2023,LV,15,LAC,63.0,21.0,260,124,257,92,5,2,3,0
2023,MIA,15,NYJ,30.0,0.0,228,77,136,23,1,2,0,0
2023,MIN,15,CIN,24.0,27.0,303,143,324,80,2,1,2,1
2023,NE,15,KC,17.0,27.0,180,52,309,43,1,1,3,0
2023,NO,15,NYG,24.0,6.0,218,87,190,60,3,0,0,0
2023,NYG,15,NO,6.0,24.0,190,60,218,87,0,0,3,0
2023,NYJ,15,MIA,0.0,30.0,136,23,228,77,0,0,1,2
2023,PHI,15,SEA,17.0,20.0,143,178,208,100,0,2,1,1
2023,PIT,15,IND,13.0,30.0,172,74,215,170,1,1,3,0
2023,SEA,15,PHI,20.0,17.0,208,100,143,178,1,1,0,2
2023,SF,15,ARI,45.0,29.0,262,144,211,234,4,1,1,2
2023,TB,15,GB,34.0,20.0,381,99,284,60,4,0,2,0
2023,TEN,15,HOU,16.0,19.0,199,66,229,148,0,1,1,0
2023,WAS,15,LA,20.0,28.0,226,79,258,196,3,0,2,1
2023,ARI,16,CHI,16.0,27.0,230,93,170,250,2,0,1,2
2023,ATL,16,IND,29.0,10.0,229,177,201,92,1,1,0,1
2023,BAL,16,SF,33.0,19.0,252,102,336,121,2,1,1,1
2023,BUF,16,LAC,24.0,22.0,237,105,215,98,1,2,0,1
2023,CAR,16,GB,30.0,33.0,312,96,219,162,2,2,2,2
2023,CHI,16,ARI,27.0,16.0,170,250,230,93,1,2,2,0
2023,CIN,16,PIT,11.0,34.0,335,59,290,113,1,0,2,2
2023,CLE,16,HOU,36.0,22.0,374,54,211,72,3,2,2,0
2023,DAL,16,MIA,20.0,22.0,253,97,293,91,2,0,1,0
2023,DEN,16,NE,23.0,26.0,238,83,256,59,2,1,2,0
2023,DET,16,MIN,30.0,24.0,257,143,411,17,1,3,2,1
2023,GB,16,CAR,33.0,30.0,219,162,312,96,2,2,2,2
2023,HOU,16,CLE,22.0,36.0,211,72,374,54,2,0,3,2
2023,IND,16,ATL,10.0,29.0,201,92,229,177,0,1,1,1
2023,JAX,16,TB,12.0,30.0,305,37,283,70,2,0,2,1
2023,KC,16,LV,14.0,20.0,246,85,62,157,1,1,0,0
2023,LA,16,NO,30.0,22.0,328,133,319,35,2,1,3,0
2023,LAC,16,BUF,22.0,24.0,215,98,237,105,0,1,1,2
2023,LV,16,KC,20.0,14.0,62,157,246,85,0,0,1,1
2023,MIA,16,DAL,22.0,20.0,293,91,253,97,1,0,2,0
2023,MIN,16,DET,24.0,30.0,411,17,257,143,2,1,1,3
2023,NE,16,DEN,26.0,23.0,256,59,238,83,2,0,2,1
2023,NO,16,LA,22.0,30.0,319,35,328,133,3,0,2,1
2023,NYG,16,PHI,25.0,33.0,188,106,301,170,1,1,1,2
2023,NYJ,16,WAS,30.0,28.0,217,164,156,102,1,2,1,3
2023,PHI,16,NYG,33.0,25.0,301,170,188,106,1,2,1,1
2023,PIT,16,CIN,34.0,11.0,290,113,335,59,2,2,1,0
2023,SEA,16,TEN,20.0,17.0,227,58,164,162,2,0,1,1
2023,SF,16,BAL,19.0,33.0,336,121,252,102,1,1,2,1
2023,TB,16,JAX,30.0,12.0,283,70,305,37,2,1,2,0
2023,TEN,16,SEA,17.0,20.0,164,162,227,58,1,1,2,0
2023,WAS,16,NYJ,28.0,30.0,156,102,217,164,1,3,1,2
2023,ARI,17,PHI,35.0,31.0,232,221,184,91,3,1,3,0
2023,ATL,17,CHI,17.0,37.0,180,134,268,192,1,1,1,3
2023,BAL,17,MIA,56.0,19.0,340,160,237,154,6,2,2,0
2023,BUF,17,NE,27.0,21.0,169,127,209,103,0,2,0,2
2023,CAR,17,JAX,0.0,26.0,112,57,178,155,0,0,0,2
2023,CHI,17,ATL,37.0,17.0,268,192,180,134,1,3,1,1
2023,CIN,17,KC,17.0,25.0,197,104,245,132,1,1,1,0
2023,CLE,17,NYJ,37.0,20.0,309,127,261,107,3,1,1,0
2023,DAL,17,DET,20.0,19.0,345,61,302,125,2,0,1,1
2023,DEN,17,LAC,16.0,9.0,224,101,220,86,1,0,0,0
2023,DET,17,DAL,19.0,20.0,302,125,345,61,1,1,2,0
2023,GB,17,MIN,33.0,10.0,293,177,180,67,3,1,1,0
2023,HOU,17,TEN,26.0,3.0,213,111,184,53,1,0,0,0
2023,IND,17,LV,23.0,20.0,224,134,299,84,1,1,2,0
2023,JAX,17,CAR,26.0,0.0,178,155,112,57,0,2,0,0
2023,KC,17,CIN,25.0,17.0,245,132,197,104,1,0,1,1
2023,LA,17,NYG,26.0,25.0,317,105,319,105,1,3,1,1
2023,LAC,17,DEN,9.0,16.0,220,86,224,101,0,0,1,0
2023,LV,17,IND,20.0,23.0,299,84,224,134,2,0,1,1
2023,MIA,17,BAL,19.0,56.0,237,154,340,160,2,0,6,2
2023,MIN,17,GB,10.0,33.0,180,67,293,177,1,0,3,1
2023,NE,17,BUF,21.0,27.0,209,103,169,127,0,2,0,2
2023,NO,17,TB,23.0,13.0,208,108,309,57,2,0,2,0
2023,NYG,17,LA,25.0,26.0,319,105,317,105,1,1,1,3
2023,NYJ,17,CLE,20.0,37.0,261,107,309,127,1,0,3,1
2023,PHI,17,ARI,31.0,35.0,184,91,232,221,3,0,3,1
2023,PIT,17,SEA,30.0,23.0,274,202,290,88,0,3,1,1
2023,SEA,17,PIT,23.0,30.0,290,88,274,202,1,1,0,3
2023,SF,17,WAS,27.0,10.0,230,184,169,62,2,1,1,0
2023,TB,17,NO,13.0,23.0,309,57,208,108,2,0,2,0
2023,TEN,17,HOU,3.0,26.0,184,53,213,111,0,0,1,0
2023,WAS,17,SF,10.0,27.0,169,62,230,184,1,0,2,1
2023,ARI,18,SEA,20.0,21.0,262,206,189,138,1,1,2,0
2023,ATL,18,NO,17.0,48.0,318,78,264,154,2,0,4,2
2023,BAL,18,PIT,10.0,17.0,146,106,152,155,1,0,1,1
2023,BUF,18,MIA,21.0,14.0,359,128,173,108,2,0,1,1
2023,CAR,18,TB,0.0,9.0,94,131,137,113,0,0,0,0
2023,CHI,18,GB,9.0,17.0,148,75,316,124,0,0,2,0
2023,CIN,18,CLE,31.0,14.0,176,183,166,104,3,1,2,0
2023,CLE,18,CIN,14.0,31.0,166,104,176,183,2,0,3,1
2023,DAL,18,WAS,38.0,10.0,309,131,157,50,4,1,1,0
2023,DEN,18,LV,14.0,27.0,272,48,244,129,1,1,2,1
2023,DET,18,MIN,30.0,20.0,320,70,396,89,2,2,2,0
2023,GB,18,CHI,17.0,9.0,316,124,148,75,2,0,0,0
2023,HOU,18,IND,23.0,19.0,264,60,141,227,2,1,0,1
2023,IND,18,HOU,19.0,23.0,141,227,264,60,0,1,2,1
2023,JAX,18,TEN,20.0,28.0,280,82,168,175,2,0,2,2
2023,KC,18,LAC,13.0,12.0,154,123,258,118,0,0,0,0
2023,LA,18,SF,21.0,20.0,163,109,189,125,2,1,1,2
2023,LAC,18,KC,12.0,13.0,258,118,154,123,0,0,0,0
2023,LV,18,DEN,27.0,14.0,244,129,272,48,2,1,1,1
2023,MIA,18,BUF,14.0,21.0,173,108,359,128,1,1,2,0
2023,MIN,18,DET,20.0,30.0,396,89,320,70,2,0,2,2
2023,NE,18,NYJ,3.0,17.0,88,88,70,185,0,0,0,1
2023,NO,18,ATL,48.0,17.0,264,154,318,78,4,2,2,0
2023,NYG,18,PHI,27.0,10.0,311,109,203,133,1,2,1,0
2023,NYJ,18,NE,17.0,3.0,70,185,88,88,0,1,0,0
2023,PHI,18,NYG,10.0,27.0,203,133,311,109,1,0,1,2
2023,PIT,18,BAL,17.0,10.0,152,155,146,106,1,1,1,0
2023,SEA,18,ARI,21.0,20.0,189,138,262,206,2,0,1,1
2023,SF,18,LA,20.0,21.0,189,125,163,109,1,2,2,1
2023,TB,18,CAR,9.0,0.0,137,113,94,131,0,0,0,0
2023,TEN,18,JAX,28.0,20.0,168,175,280,82,2,2,2,0
2023,WAS,18,DAL,10.0,38.0,157,50,309,131,1,0,4,1
