week,team,player,pos,status,injury
5,ARI,Andrew Wingard,S,Out,Knee
5,ARI,Isaiah Adams,G,Out,Ankle
5,ARI,Walter Nolen,DT,Questionable,Calf
5,ARI,Karson Sharar,LB,Questionable,Hamstring
5,ATL,Jake Matthews,T,Questionable,Groin
5,ATL,Za'Darius Smith,DE,Questionable,Concussion
5,ATL,Samson Ebukam,DE,Questionable,Hamstring
5,ATL,Divine Deablo,LB,Questionable,Hamstring
5,ATL,Yasir Abdullah,LB,Out,Hamstring
5,BAL,Marlon Humphrey,CB,Questionable,Hamstring
5,BAL,Trey Hendrickson,LB,Out,Finger
5,BAL,Lamar Jackson,QB,Out,Ankle
5,BAL,Cam Jurgens,C,Out,Concussion
5,BAL,Andrew Vorhees,G,Questionable,Foot
5,BAL,Zay Flowers,WR,Questionable,Foot
5,CHI,Kyler Gordon,CB,Questionable,Calf
5,CHI,Noah Sewell,LB,Questionable,Achilles
5,CHI,Caleb Williams,QB,Questionable,Hamstring
5,CHI,Kyle Monangai,RB,Out,Thumb
5,CHI,Shemar Turner,DE,Questionable,Knee
5,CHI,Keyshaun Elliott,LB,Out,Quadricep
5,CIN,Kyle Dugger,S,Out,Quadricep
5,CIN,Tee Higgins,WR,Questionable,Groin
5,CIN,Ja'Marr Chase,WR,Questionable,Concussion
5,CIN,Bryan Cook,S,Questionable,Ankle
5,CIN,Swayze Bozeman,LB,Questionable,Groin
5,CIN,Colbie Young,WR,Questionable,Knee
5,CLE,Tylan Wallace,WR,Out,Knee
5,CLE,Teven Jenkins,G,Out,Back
5,CLE,Kalia Davis,DT,Out,Quadricep
5,CLE,Mike Hall Jr.,DT,Out,Ankle
5,CLE,Mason Graham,DT,Out,Knee
5,CLE,Dillon Gabriel,QB,Out,Back
5,CLE,Carsen Ryan,TE,Out,Calf
5,DAL,Tyler Smith,G,Questionable,Thumb
5,DAL,Cobie Durant,CB,Out,Hamstring
5,DAL,DeMarvion Overshown,LB,Out,Hamstring
5,DAL,Jonathan Mingo,WR,Questionable,Illness
5,DAL,Drew Shelton,T,Out,Hamstring
5,DEN,Pat Surtain II,CB,Out,Ankle
5,DEN,Riley Moss,CB,Out,Ribs
5,DET,Rock Ya-Sin,CB,Out,Hamstring
5,DET,Ben Bartch,G,Out,Foot
5,DET,Cade Mays,C,Out,Wrist
5,DET,Brian Branch,S,Out,Achilles
5,DET,Tyleik Williams,DT,Questionable,Foot
5,GNB,Javon Hargrave,DT,Questionable,Toe
5,GNB,Aaron Banks,G,Doubtful,Knee
5,GNB,Chris Brooks,RB,Out,Ankle
5,GNB,Jacob Monk,C,Doubtful,Quadricep
5,GNB,Savion Williams,WR,Out,Ankle
5,GNB,Anthony Campbell,DT,Questionable,Ankle
5,GNB,Jager Burton,C,Questionable,Back
5,HOU,M.J. Stewart,S,Questionable,Knee
5,HOU,Braden Smith,T,Questionable,Foot
5,HOU,Ed Ingram,G,Questionable,Illness
5,HOU,Tank Dell,WR,Out,Knee
5,HOU,Blake Fisher,T,Questionable,Illness
5,HOU,Aireontae Ersery,T,Questionable,Illness
5,HOU,Kayden McDonald,DT,Questionable,Ankle
5,IND,Keenan Allen,WR,Questionable,Not injury related - resting player
5,IND,Charvarius Ward,CB,Questionable,Not injury related - resting player
5,IND,Arden Key,DE,Out,Hamstring
5,IND,Ashton Dulin,WR,Out,Hamstring
5,IND,Darius Slayton,WR,Questionable,Knee
5,IND,Will Mallory,TE,Out,Thumb
5,IND,Jaylon Carlies,LB,Out,Ribs
5,JAX,Eric Murray,S,Doubtful,Concussion
5,JAX,Jaylon Jones,CB,Out,Hamstring
5,LAC,Donte Jackson,CB,Out,Hamstring
5,LAC,Derwin James,S,Out,Hamstring
5,LAC,Kayode Awosika,G,Out,Fibula
5,LAC,Trey Lance,QB,Doubtful,Groin
5,LAC,Trevor Penning,G,Out,Concussion
5,LAC,Charlie Kolar,TE,Questionable,Forearm
5,LAC,Quentin Johnston,WR,Out,Chest
5,LAC,Scott Matlock,FB,Questionable,Foot
5,LAC,Joe Alt,T,Out,Neck
5,LAC,Ladd McConkey,WR,Questionable,Foot
5,LAC,Branson Taylor,G,Questionable,Neck
5,LAC,Rodney Shelley,CB,Questionable,Hamstring
5,LAC,Brenen Thompson,WR,Out,Quadricep
5,LVR,Jalen Nailor,WR,Out,Concussion
5,LVR,Ashton Jeanty,RB,Questionable,Ankle
5,LVR,Dont'e Thornton Jr.,WR,Out,Hamstring
5,LVR,Trey Zuhn III,C,Out,Knee
5,MIA,Reese Taylor,CB,Out,Quadricep
5,MIA,Rob Beal Jr.,DE,Out,Hamstring
5,MIA,Storm Duck,CB,Questionable,Knee
5,MIA,Jaylen Wright,RB,Questionable,Foot
5,MIA,Jackson Woodard,LB,Questionable,Ankle
5,MIA,Kenneth Grant,DT,Questionable,Toe
5,MIA,Justin Joly,TE,Out,Concussion
5,MIA,Caleb Douglas,WR,Out,Ankle
5,MIN,Brian O'Neill,T,Questionable,Knee
5,MIN,Justin Jefferson,WR,Questionable,Ankle
5,MIN,Christian Darrisaw,T,Out,Concussion
5,MIN,Jordan Addison,WR,Questionable,Hamstring
5,MIN,Michael Jurgens,C,Questionable,Elbow
5,MIN,Ben Yurosek,TE,Questionable,Ankle
5,MIN,Charles Demmings,CB,Out,Hamstring
5,NWE,Morgan Moses,T,Questionable,Foot
5,NWE,Mack Hollins,WR,Out,Calf
5,NWE,Carlton Davis III,CB,Out,Neck
5,NWE,Dre'Mont Jones,LB,Questionable,Shoulder
5,NWE,Reggie Gilliam,FB,Out,Ankle
5,NWE,Christian Elliss,LB,Questionable,Chest
5,NWE,Rhamondre Stevenson,RB,Questionable,Knee
5,NWE,Christian Barmore,DT,Questionable,Shoulder
5,NWE,Christian Gonzalez,CB,Out,Shoulder
5,NWE,Charles Woods,CB,Questionable,Shoulder
5,NWE,Craig Woodson,S,Questionable,Shoulder
5,NWE,Karon Prunty,CB,Out,Hamstring
5,NWE,Channing Canada,CB,Out,Hamstring
5,NOR,Alvin Kamara,RB,Questionable,Back
5,NOR,Kaden Elliss,LB,Out,Calf
5,NOR,Anfernee Jennings,LB,Out,Knee
5,NOR,Julian Blackmon,S,Questionable,Shoulder
5,NOR,Jaylan Ford,LB,Questionable,Ankle
5,NOR,Jeremiah Wright,G,Out,Concussion
5,NOR,Lorenzo Styles Jr.,CB,Questionable,Calf
5,NOR,Barion Brown,WR,Questionable,Thigh
5,NOR,Christen Miller,DT,Questionable,Illness
5,NYG,Jason Pinnock,S,Out,Concussion
5,NYG,Chauncey Golston,DE,Out,Neck
5,NYJ,Tim Patrick,WR,Questionable,Groin
5,NYJ,Kingsley Enagbare,DE,Questionable,Knee
5,NYJ,Dylan Parham,G,Out,Knee
5,NYJ,Breece Hall,RB,Out,Quadricep
5,NYJ,Will McDonald IV,DE,Questionable,Calf
5,NYJ,Adonai Mitchell,WR,Out,Finger
5,NYJ,Francisco Mauigoa,LB,Out,Quadricep
5,PHI,Saquon Barkley,RB,Out,Hamstring
5,PHI,Marcus Epps,S,Out,Groin
5,PHI,Marquise Brown,WR,Out,Ankle
5,PHI,Jonathan Greenard,LB,Questionable,Ankle
5,PHI,DeVonta Smith,WR,Out,Hamstring
5,PHI,Drew Kendall,C,Out,Knee
5,PIT,Jalen Ramsey,CB,Questionable,Wrist
5,PIT,DeShon Elliott,S,Out,Knee
5,PIT,Jamel Dean,CB,Out,Ankle
5,PIT,Rico Dowdle,RB,Questionable,Toe
5,PIT,Michael Pittman,WR,Out,Foot
5,SEA,Chazz Surratt,LB,Out,Calf
5,SEA,Irvin Charles,WR,Questionable,Knee
5,SEA,Zach Charbonnet,RB,Out,Knee
5,SEA,George Holani,RB,Questionable,Ribs
5,SEA,Julian Neal,CB,Out,Hamstring
5,SFO,Kyle Juszczyk,FB,Out,Knee
5,SFO,Nick Bosa,DE,Out,Knee
5,SFO,Upton Stout,CB,Questionable,Shoulder
5,SFO,Marques Sigle,S,Out,Ankle
5,SFO,Mykel Williams,DE,Questionable,Knee
5,SFO,James Thompson Jr.,DT,Out,Ankle
5,TAM,Baker Mayfield,QB,Out,Thumb
5,TAM,Antoine Winfield Jr.,S,Out,Rib
5,TAM,SirVocea Dennis,LB,Out,Ankle
5,TAM,Benjamin Morrison,CB,Out,Quadricep
5,TEN,Amani Hooker,S,Out,Concussion
5,TEN,Joshua Williams,CB,Questionable,Pectoral
5,TEN,David Martin-Robinson,TE,Questionable,Hamstring
5,TEN,Carnell Tate,WR,Questionable,Back
5,WAS,Stefon Diggs,WR,Out,Hamstring
5,WAS,Marcus Mariota,QB,Out,Knee
5,WAS,Deatrich Wise,DE,Questionable,Quadricep
5,WAS,Jeremy McNichols,RB,Questionable,Quadricep
5,WAS,Charles Omenihu,DE,Out,Groin
5,WAS,Terry McLaurin,WR,Questionable,Hamstring
5,WAS,Nick Cross,S,Out,Illness
5,WAS,Percy Butler,S,Out,Hamstring
5,WAS,Tyler Owens,S,Out,Hamstring
5,WAS,Trey Amos,CB,Questionable,Ankle
