player,team,pos,tgt_share,catch_rate,ypt,carry_share,ypc,td_rate
Tyler Shough,NOR,QB,,0.6722,,,,0.05
Bryce Young,CAR,QB,,0.6235,,,,0.0556
Matthew Stafford,LAR,QB,,0.6111,,,,0.037
Jared Goff,DET,QB,,0.677,,,,0.0559
Joe Burrow,CIN,QB,,0.7134,,,,0.0446
Jordan Love,GNB,QB,,0.5649,,,,0.0519
Aaron Rodgers,PIT,QB,,0.5752,,,,0.0458
Jacoby Brissett,ARI,QB,,0.6776,,,,0.0395
C.J. Stroud,HOU,QB,,0.6159,,,,0.0331
Dak Prescott,DAL,QB,,0.7,,,,0.0533
Kirk Cousins,LVR,QB,,0.6458,,,,0.0764
Bo Nix,DEN,QB,,0.6,,,,0.037
Daniel Jones,IND,QB,,0.6364,,,,0.0227
Patrick Mahomes,KAN,QB,,0.6406,,,,0.0703
Josh Allen,BUF,QB,,0.6639,,,,0.0504
Cam Ward,TEN,QB,,0.6303,,,,0.0252
Justin Herbert,LAC,QB,,0.5966,,,,0.0336
Drake Maye,NWE,QB,,0.6239,,,,0.0342
Geno Smith,NYJ,QB,,0.7265,,,,0.0427
Deshaun Watson,CLE,QB,,0.6957,,,,0.0522
Jalen Hurts,PHI,QB,,0.5965,,,,0.0614
Brock Purdy,SFO,QB,,0.6991,,,,0.0973
Trevor Lawrence,JAX,QB,,0.6923,,,,0.0769
Malik Willis,MIA,QB,,0.5631,,,,0.0097
Lamar Jackson,BAL,QB,,0.7083,,,,0.0625
Baker Mayfield,TAM,QB,,0.6354,,,,0.0208
Jameis Winston,NYG,QB,,0.5513,,,,0.0385
Kyler Murray,MIN,QB,,0.6338,,,,0.0141
Sam Darnold,SEA,QB,,0.6522,,,,0.087
Caleb Williams,CHI,QB,,0.6545,,,,0.0364
Marcus Mariota,WAS,QB,,0.6471,,,,0.0784
Michael Penix Jr.,ATL,QB,,0.7333,,,,0.0444
Zach Ertz,PHI,TE,0.0522,0.5,3.6667,0.0,,0.0
Keenan Allen,IND,WR,0.1515,0.65,5.0,0.0,,0.0769
Travis Kelce,KAN,TE,0.1719,0.7273,11.1818,0.0,,0.125
Davante Adams,LAR,WR,0.2303,0.5789,10.2632,0.0,,0.0909
Mike Evans,SFO,WR,0.2124,0.7083,8.875,0.0,,0.1176
Stefon Diggs,WAS,WR,0.2263,0.5806,5.4839,0.0,,0.1667
Darren Waller,CAR,TE,0.1166,0.6842,7.7895,0.0,,0.1538
Austin Hooper,ATL,TE,0.0707,0.7143,5.7143,0.0,,0.2
Chris Moore,BAL,WR,0.0571,0.5,10.5,0.0,,0.3333
Kalif Raymond,CHI,WR,0.1742,0.913,9.5652,0.0,,0.0476
Derrick Henry,BAL,RB,0.0667,1.0,6.2857,0.7008,4.2022,0.0729
Demarcus Robinson,SFO,WR,0.0531,0.8333,14.0,0.0,,0.2
Laquon Treadwell,IND,WR,0.0833,0.8182,11.1818,0.0,,0.0
Hunter Henry,NWE,TE,0.122,0.8,8.8667,0.0,,0.0
Tyler Higbee,LAR,TE,0.1152,0.7895,7.4211,0.0,,0.0667
Christian McCaffrey,SFO,RB,0.1947,0.7273,5.5455,0.4348,4.36,0.0606
George Kittle,SFO,TE,0.1947,0.7273,11.0909,0.0,,0.25
Aaron Jones,MIN,RB,0.1364,0.6,4.5333,0.6207,4.125,0.0123
Kendrick Bourne,ARI,WR,0.0921,0.8571,7.7143,0.0,,0.0
Samaje Perine,CIN,RB,0.051,0.625,6.375,0.1566,3.2308,0.0
Mack Hollins,NWE,WR,0.1626,0.75,10.45,0.0,,0.0
Evan Engram,DEN,TE,0.0963,0.4615,5.0769,0.0,,0.1667
David Njoku,LAC,TE,0.0667,0.75,8.375,0.0,,0.0
Alvin Kamara,NOR,RB,0.0778,0.7857,3.3571,0.2525,2.96,0.0556
Cooper Kupp,SEA,WR,0.1017,0.75,9.5,0.0,,0.1111
Chris Godwin Jr.,TAM,WR,0.1429,0.8889,7.8889,0.0206,7.5,0.0
Courtland Sutton,DEN,WR,0.163,0.4091,3.9091,0.0,,0.0
Dallas Goedert,PHI,TE,0.0609,0.7143,11.5714,0.0,,0.4
Dalton Schultz,HOU,TE,0.1776,0.7778,7.9259,0.0,,0.0
Mark Andrews,BAL,TE,0.2286,0.75,6.2083,0.0,,0.0556
DJ Moore,BUF,WR,0.1681,0.6,8.9,0.0182,2.5,0.0714
Mike Gesicki,CIN,TE,0.0955,0.7333,10.3333,0.0,,0.2727
Saquon Barkley,PHI,RB,0.0609,0.5714,1.1429,0.3495,5.0556,0.0
Jakobi Meyers,JAX,WR,0.1442,0.8667,11.0,0.0088,2.0,0.1429
Justice Hill,BAL,RB,0.0571,0.8333,7.3333,0.1102,4.2857,0.0
Foster Moreau,HOU,TE,0.0592,0.7778,6.3333,0.0,,0.1429
Ashton Dulin,IND,WR,0.053,0.4286,4.1429,0.0,,0.0
Olamide Zaccheaus,ATL,WR,0.0707,0.5714,2.4286,0.0,,0.0
T.J. Hockenson,MIN,TE,0.2364,0.8462,7.5,0.0,,0.0455
Tony Pollard,TEN,RB,0.0924,0.7273,2.1818,0.6,4.0926,0.0161
Ty Johnson,BUF,RB,0.0504,1.0,9.8333,0.0091,3.0,0.0
DK Metcalf,PIT,WR,0.2129,0.4848,6.4545,0.0,,0.0625
Noah Fant,NOR,TE,0.0667,0.6667,5.5,0.0,,0.375
Terry McLaurin,WAS,WR,0.1606,0.4545,6.4091,0.0,,0.1
David Montgomery,HOU,RB,0.0461,1.0,9.5714,0.5222,2.7021,0.0556
Dawson Knox,BUF,TE,0.0504,1.0,5.0,0.0091,0.0,0.1429
Deebo Samuel Sr.,SFO,WR,0.1504,0.8235,10.8824,0.0609,10.5714,0.1429
Cody White,LVR,WR,0.0694,0.5,6.4,0.0,,0.6
Juwan Johnson,NOR,TE,0.15,0.7778,8.5926,0.0,,0.1429
Rico Dowdle,PIT,RB,0.0452,0.5714,4.0,0.1744,2.4667,0.0
J.K. Dobbins,DEN,RB,0.0296,0.75,4.0,0.5111,3.5,0.0
Jonathan Taylor,IND,RB,0.1136,0.6667,4.6,0.7611,4.1047,0.0625
Michael Pittman,PIT,WR,0.0774,0.5833,7.4167,0.0,,0.0
AJ Dillon,CAR,RB,0.0123,1.0,1.5,0.1789,2.5294,0.0
D'Andre Swift,CHI,RB,0.0833,0.9091,7.6364,0.434,4.5072,0.038
Cole Kmet,CHI,TE,0.053,0.5714,6.8571,0.0,,0.25
Darnell Mooney,NYG,WR,0.0893,0.6,9.5,0.0084,9.0,0.0
Justin Jefferson,MIN,WR,0.1545,0.7647,10.5294,0.0,,0.1538
CeeDee Lamb,DAL,WR,0.3067,0.8043,10.8261,0.0213,-3.0,0.1026
Jerry Jeudy,CLE,WR,0.069,0.625,7.75,0.0,,0.0
Tee Higgins,CIN,WR,0.2484,0.641,10.2821,0.0,,0.04
Rashod Bateman,BAL,WR,0.1429,0.7333,11.4,0.0,,0.0909
Nico Collins,HOU,WR,0.1184,0.7778,10.7222,0.0111,7.0,0.2
Chuba Hubbard,CAR,RB,0.0675,0.9091,7.6364,0.6421,5.0164,0.0704
Jaylen Waddle,DEN,WR,0.1926,0.6154,7.1154,0.0111,14.0,0.0588
Dyami Brown,WAS,WR,0.0949,0.5385,6.6154,0.0,,0.0
Noah Gray,KAN,TE,0.0625,0.75,7.625,0.0,,0.0
Rhamondre Stevenson,NWE,RB,0.1301,0.75,5.625,0.3667,3.7045,0.0179
Najee Harris,NYG,RB,0.0,,,0.1849,4.0,0.0
Pat Freiermuth,PIT,TE,0.1226,0.7368,6.5789,0.0233,1.5,0.125
Ja'Marr Chase,CIN,WR,0.1783,0.75,7.5714,0.0,,0.1429
DeVonta Smith,PHI,WR,0.2348,0.7037,8.7037,0.0,,0.0526
Kenny Gainwell,TAM,RB,0.0952,0.6667,3.6667,0.134,2.0,0.0476
Amon-Ra St. Brown,DET,WR,0.2857,0.6739,6.587,0.0,,0.1613
Kyle Pitts,ATL,TE,0.0909,0.5556,7.4444,0.0,,0.0
Travis Etienne,NOR,RB,0.0722,0.8462,3.9231,0.303,4.2667,0.0
Josh Palmer,BUF,WR,0.0756,0.3333,8.8889,0.0,,0.6667
Javonte Williams,DAL,RB,0.1133,0.8824,4.5294,0.6596,3.7258,0.0779
Tommy Tremble,CAR,TE,0.092,0.7333,5.4667,0.0,,0.0
Jaylen Warren,PIT,RB,0.129,0.65,7.15,0.6395,5.6182,0.0
Drake London,ATL,WR,0.2525,0.8,14.8,0.0144,2.0,0.0
Chris Olave,NOR,WR,0.2667,0.7292,10.2292,0.0,,0.0286
Jameson Williams,DET,WR,0.1553,0.64,9.16,0.0,,0.0
George Pickens,DAL,WR,0.1867,0.6429,8.0357,0.0,,0.0
James Cook,BUF,RB,0.084,0.6,2.4,0.6364,6.0143,0.0395
Greg Dulcich,MIA,TE,0.1165,0.75,7.5,0.0,,0.0
Rachaad White,WAS,RB,0.0657,1.0,5.6667,0.1864,4.5455,0.0323
Khalil Shakir,BUF,WR,0.1933,0.6522,7.6522,0.0,,0.0
Tyler Allgeier,ARI,RB,0.0658,1.0,3.5,0.3077,3.5,0.0238
Jalen Nailor,LVR,WR,0.0764,0.4545,4.7273,0.0,,0.0
Jordan Mason,MIN,RB,0.0,,,0.1293,3.9333,0.0667
Rashid Shaheed,SEA,WR,0.1271,0.4667,4.8667,0.0265,12.3333,0.1
John Metchie III,CAR,WR,0.0613,0.5,5.6,0.0,,0.2
Alec Pierce,IND,WR,0.053,0.7143,10.2857,0.0,,0.0
Garrett Wilson,NYJ,WR,0.265,0.7742,8.7097,0.0,,0.0833
Jahan Dotson,ATL,WR,0.1313,0.4615,7.3077,0.0,,0.1667
Trey McBride,ARI,TE,0.3026,0.7174,5.2609,0.0,,0.0606
Brian Robinson,ATL,RB,0.0303,1.0,7.0,0.3165,4.4091,0.0851
Jeremy Ruckert,NYJ,TE,0.0684,1.0,6.0,0.0,,0.125
Chig Okonkwo,WAS,TE,0.0511,0.5714,3.0,0.0,,0.0
Romeo Doubs,NWE,WR,0.1626,0.6,10.15,0.0,,0.1667
Isaiah Likely,NYG,TE,0.3125,0.6286,5.4286,0.0,,0.0909
Kyren Williams,LAR,RB,0.1515,0.84,6.92,0.5143,5.4444,0.0533
Jake Ferguson,DAL,TE,0.1,0.8,5.5333,0.0,,0.25
Skyy Moore,GNB,WR,0.0844,0.4615,2.6923,0.0,,0.0
Tyquan Thornton,KAN,WR,0.1172,0.7333,14.6,0.0,,0.1818
Wan'Dale Robinson,TEN,WR,0.1933,0.6957,5.3478,0.0111,1.0,0.1176
Breece Hall,NYJ,RB,0.0855,1.0,10.2,0.5152,3.1961,0.0164
Christian Watson,GNB,WR,0.2078,0.625,10.3438,0.0,,0.2
Cade Otton,TAM,TE,0.1825,0.6522,6.8261,0.0,,0.0
Kenneth Walker III,KAN,RB,0.1484,0.6316,4.4211,0.7373,6.1724,0.0606
Dontayvion Wicks,PHI,WR,0.1739,0.6,9.85,0.0,,0.0833
Keaton Mitchell,LAC,RB,0.0833,0.9,3.4,0.2389,4.5926,0.0278
Bijan Robinson,ATL,RB,0.1818,0.7778,6.6667,0.6115,5.8118,0.0505
Jaxon Smith-Njigba,SEA,WR,0.3559,0.7619,11.4524,0.0,,0.1875
Quentin Johnston,LAC,WR,0.1583,0.3684,5.6842,0.0177,1.5,0.0
Kendre Miller,NOR,RB,0.0333,0.6667,2.5,0.1919,2.7895,0.0435
Tank Bigsby,PHI,RB,0.0348,0.75,2.5,0.2718,3.25,0.0323
Darnell Washington,PIT,TE,0.0839,0.6923,9.1538,0.0,,0.1111
Michael Wilson,ARI,WR,0.2895,0.5682,5.8636,0.0,,0.04
Tre Tucker,LVR,WR,0.1597,0.6522,10.1304,0.0,,0.0667
Chase Brown,CIN,RB,0.1529,0.875,4.2917,0.6988,3.569,0.0127
Parker Washington,JAX,WR,0.25,0.6154,8.7692,0.0088,3.0,0.1176
Kayshon Boutte,HOU,WR,0.0855,0.6923,8.8462,0.0,,0.0
Chris Rodriguez Jr.,JAX,RB,0.0,,,0.2301,4.1538,0.0769
Xavier Hutchinson,HOU,WR,0.1711,0.4615,6.3846,0.0222,2.0,0.0
DeMario Douglas,NWE,WR,0.1382,0.5294,4.8235,0.0,,0.0
Chris Brooks,GNB,RB,0.0325,0.6,4.8,0.2055,4.6667,0.0
Jared Wayne,HOU,WR,0.0789,0.3333,5.4167,0.0,,0.0
Emanuel Wilson,SEA,RB,0.0424,0.6,7.8,0.469,3.5849,0.0357
Brycen Tremayne,CAR,WR,0.0552,0.6667,12.7778,0.0,,0.0
Dalton Kincaid,BUF,TE,0.1597,0.7895,14.2105,0.0,,0.0667
Brenton Strange,JAX,TE,0.1731,0.7778,9.2778,0.0,,0.0714
Jordan Addison,MIN,WR,0.2,0.5,7.4091,0.0086,-1.0,0.0833
Tucker Kraft,GNB,TE,0.1558,0.625,6.1667,0.0137,3.0,0.0625
Josh Downs,IND,WR,0.2121,0.6071,7.2143,0.0,,0.0
Tyjae Spears,TEN,RB,0.0588,0.7143,5.7143,0.1667,4.3333,0.0
De'Von Achane,MIA,RB,0.1165,0.5833,4.0833,0.3542,3.7353,0.0
Zay Flowers,BAL,WR,0.2095,0.8182,16.0,0.0079,20.0,0.1053
Sam LaPorta,DET,TE,0.1988,0.6875,7.125,0.0,,0.0909
Michael Mayer,LVR,TE,0.1667,0.8333,7.0417,0.0,,0.05
Rashee Rice,KAN,WR,0.1328,0.7647,11.1765,0.0,,0.0769
Puka Nacua,LAR,WR,0.1273,0.6667,9.4762,0.0095,2.0,0.0667
Jahmyr Gibbs,DET,RB,0.1739,0.7857,6.6786,0.8163,4.4125,0.0686
Jayden Reed,GNB,WR,0.0519,0.5,3.0,0.0,,0.0
George Holani,SEA,RB,0.0678,0.875,6.5,0.1947,3.1818,0.0
Malik Nabers,NYG,WR,0.2321,0.6923,8.0,0.0,,0.0556
Brock Bowers,LVR,TE,0.1667,0.6667,8.4167,0.0,,0.125
Bucky Irving,TAM,RB,0.119,0.8667,4.0667,0.5773,4.3036,0.0145
Kimani Vidal,LAC,RB,0.05,0.5,4.1667,0.0531,5.1667,0.1111
Ryan Flournoy,DAL,WR,0.1533,0.5652,4.5217,0.0,,0.0
Devaughn Vele,NOR,WR,0.1722,0.6774,7.2903,0.0,,0.0952
Isaiah Williams,NYJ,WR,0.1026,0.8333,11.25,0.0101,14.0,0.0909
Jalen Coker,CAR,WR,0.135,0.8182,10.0909,0.0,,0.1111
Blake Corum,LAR,RB,0.0424,0.5714,2.8571,0.3143,4.9091,0.0
Roman Wilson,PIT,WR,0.1548,0.5833,7.8333,0.0,,0.1429
Will Shipley,PHI,RB,0.0522,0.6667,4.0,0.1456,3.4,0.0
AJ Barner,SEA,TE,0.1271,0.6,6.8,0.0088,1.0,0.1
Braelon Allen,NYJ,RB,0.0598,0.8571,2.7143,0.3333,3.6364,0.0256
MarShawn Lloyd,GNB,RB,0.0714,0.8182,4.4545,0.411,2.7,0.0256
Theo Johnson,NYG,TE,0.0536,0.3333,3.3333,0.0,,0.5
Marvin Harrison Jr.,ARI,WR,0.0855,0.3846,6.5385,0.0,,0.2
Malik Washington,MIA,WR,0.2718,0.6071,7.8214,0.0521,2.4,0.0
Adonai Mitchell,NYJ,WR,0.1282,0.6,8.2,0.0,,0.0
Brian Thomas Jr.,JAX,WR,0.1346,0.6429,7.5,0.0,,0.1111
Xavier Worthy,KAN,WR,0.1719,0.6364,6.0455,0.0,,0.0714
Keon Coleman,BUF,WR,0.1345,0.875,13.5625,0.0,,0.0714
Ladd McConkey,LAC,WR,0.1417,0.7059,10.7647,0.0,,0.0833
Rome Odunze,CHI,WR,0.1515,0.7,11.65,0.0,,0.0
Darius Cooper,PHI,WR,0.087,0.5,5.9,0.0,,0.6
Ashton Jeanty,LVR,RB,0.1667,0.7917,6.875,0.6555,3.3846,0.0206
Tetairoa McMillan,CAR,WR,0.2393,0.6667,9.8718,0.0,,0.0769
Colston Loveland,CHI,TE,0.1364,0.6111,5.0556,0.0,,0.0
Tyler Warren,IND,TE,0.2045,0.8519,4.8148,0.0177,2.5,0.08
Emeka Egbuka,TAM,WR,0.1905,0.625,6.4167,0.0103,-3.0,0.0625
Kyle Williams,NWE,WR,0.0569,0.2857,6.2857,0.0,,0.0
Pat Bryant,DEN,WR,0.0889,0.75,11.0833,0.0111,16.0,0.1
Jaylin Noel,HOU,WR,0.0789,0.6667,15.5,0.0333,8.3333,0.0
Kaleb Johnson,GNB,RB,0.0195,0.3333,3.3333,0.274,4.0,0.0
Elic Ayomanor,TEN,WR,0.084,0.5,11.3,0.0,,0.2
Oronde Gadsden II,LAC,TE,0.125,0.6,5.7333,0.0088,2.0,0.1
Ollie Gordon II,MIA,RB,0.0485,1.0,2.8,0.3021,5.1034,0.0588
Kyle Monangai,CHI,RB,0.0379,1.0,7.8,0.3774,5.4,0.0462
Tez Johnson,TAM,WR,0.0714,0.4444,8.2222,0.0206,3.0,0.0
Jacory Croskey-Merritt,WAS,RB,0.0511,0.7143,5.7143,0.4746,2.8036,0.0164
Raheim Sanders,CLE,RB,0.0948,0.9091,6.6364,0.0588,5.1667,0.0
Corey Kiner,NWE,RB,0.0081,1.0,9.0,0.1167,2.0714,0.0
Efton Chism III,NWE,WR,0.0569,0.5714,5.8571,0.0,,0.25
Woody Marks,HOU,RB,0.0592,0.7778,3.4444,0.3111,3.1071,0.0571
Gunnar Helm,TEN,TE,0.1008,0.75,5.0,0.0,,0.0
Konata Mumpfield,LAR,WR,0.0848,0.4286,8.0,0.0,,0.1667
Harold Fannin Jr.,CLE,TE,0.1983,0.7391,6.6522,0.0,,0.1765
Omarion Hampton,LAC,RB,0.0417,0.8,5.8,0.5221,4.0339,0.0476
Matthew Golden,GNB,WR,0.2403,0.4865,7.4054,0.0137,6.0,0.1053
Isaac TeSlaa,DET,WR,0.1056,0.5294,11.0,0.0,,0.0
Cam Skattebo,NYG,RB,0.0804,0.8889,7.4444,0.5714,3.4559,0.0132
Bhayshul Tuten,JAX,RB,0.0673,1.0,7.7143,0.531,4.6167,0.0299
Tre Harris,LAC,WR,0.175,0.619,9.9524,0.0,,0.0
RJ Harvey,DEN,RB,0.1556,0.9524,6.2857,0.1333,4.0833,0.0
TreVeyon Henderson,NWE,RB,0.0244,0.3333,2.0,0.3167,3.7105,0.0256
Luther Burden III,CHI,WR,0.2197,0.6552,7.5517,0.0189,6.6667,0.0455
Terrance Ferguson,LAR,TE,0.0727,0.5833,5.25,0.0,,0.1429
Quinshon Judkins,CLE,RB,0.1379,0.9375,6.0,0.5784,3.0,0.0135
Dohnte Meyers,CIN,WR,0.1019,0.6875,8.0625,0.012,10.0,0.0
Makai Lemon,PHI,WR,0.1304,0.6667,4.3333,0.0097,-5.0,0.0
Mike Washington Jr.,LVR,RB,0.0208,0.3333,-0.3333,0.2017,5.0,0.04
Emmett Johnson,KAN,RB,0.0391,1.0,14.8,0.1356,3.5,0.0
Jeremiyah Love,ARI,RB,0.0855,0.8462,2.7692,0.5288,4.0545,0.0303
Kenyon Sadiq,NYJ,TE,0.1538,0.6667,7.9444,0.0101,3.0,0.1538
Denzel Boston,CLE,WR,0.1897,0.5909,12.9091,0.0,,0.1538
Antonio Williams,WAS,WR,0.1387,0.6316,6.5263,0.0,,0.0833
Malachi Fields,NYG,WR,0.1339,0.5333,8.4,0.0,,0.125
Zachariah Branch,ATL,WR,0.0606,0.8333,5.1667,0.0,,0.0
Ted Hurst III,TAM,WR,0.127,0.5,8.0,0.0,,0.125
Kaelon Black,SFO,RB,0.0177,0.5,2.5,0.2696,3.871,0.0
Bryce Lance,NOR,WR,0.0722,0.3846,4.3846,0.0,,0.0
Kaytron Allen,WAS,RB,0.0,,,0.1017,3.4167,0.0
Josh Cameron,JAX,WR,0.0577,0.8333,12.3333,0.0,,0.4
Seth McGowan,IND,RB,0.0227,0.6667,2.3333,0.1062,3.75,0.0
Carnell Tate,TEN,WR,0.2689,0.6875,8.375,0.0,,0.0
Germie Bernard,PIT,WR,0.071,0.6364,5.4545,0.0,,0.0
Jonah Coleman,DEN,RB,0.0222,1.0,6.3333,0.1111,3.9,0.0769
Jadarian Price,SEA,RB,0.0593,0.5714,3.0,0.2478,4.25,0.0
Caleb Douglas,MIA,WR,0.0971,0.7,11.3,0.0,,0.0
Chris Bell,MIA,WR,0.1262,0.3846,7.0769,0.0,,0.0
Kevin Coleman Jr.,MIA,WR,0.0971,0.2,0.6,0.0,,0.0
KC Concepcion,CLE,WR,0.2414,0.6071,5.1429,0.0392,2.25,0.0
