season,week,player,team,opp,pos,att,cmp,pyds,ptd,int,car,ryds,rtd,tgt,rec,recyds,rectd,fp
2026,1,Jacoby Brissett,ARI,LAC,QB,37,27,277,1,0,6,14,0,0,0,0,0,16.48
2026,1,Jeremiyah Love,ARI,LAC,RB,0,0,0,0,0,11,41,1,4,2,9,0,13.0
2026,1,Kendrick Bourne,ARI,LAC,WR,0,0,0,0,0,0,0,0,8,8,75,0,15.5
2026,1,Marvin Harrison Jr.,ARI,LAC,WR,0,0,0,0,0,0,0,0,3,1,33,0,4.3
2026,1,Michael Wilson,ARI,LAC,WR,0,0,0,0,0,0,0,0,7,5,56,0,10.6
2026,1,Trey McBride,ARI,LAC,TE,0,0,0,0,0,0,0,0,13,9,95,1,24.5
2026,1,Tyler Allgeier,ARI,LAC,RB,0,0,0,0,0,17,61,0,2,2,9,0,9.0
2026,1,Bijan Robinson,ATL,PIT,RB,0,0,0,0,0,21,83,0,10,8,90,1,31.3
2026,1,Brian Robinson,ATL,PIT,RB,0,0,0,0,0,9,31,0,0,0,0,0,3.1
2026,1,Cooper Rush,ATL,PIT,QB,22,12,143,1,2,0,0,0,0,0,0,0,5.72
2026,1,Drake London,ATL,PIT,WR,0,0,0,0,0,1,6,0,4,2,29,0,5.5
2026,1,Jahan Dotson,ATL,PIT,WR,0,0,0,0,0,0,0,0,3,1,19,0,2.9
2026,1,Kyle Pitts,ATL,PIT,TE,0,0,0,0,0,0,0,0,1,0,0,0,0.0
2026,1,Olamide Zaccheaus,ATL,PIT,WR,0,0,0,0,0,0,0,0,1,1,5,0,1.5
2026,1,Chris Moore,BAL,IND,WR,0,0,0,0,0,0,0,0,2,1,53,0,6.3
2026,1,Derrick Henry,BAL,IND,RB,0,0,0,0,0,24,144,3,1,1,19,0,35.3
2026,1,Durham Smythe,BAL,IND,TE,0,0,0,0,0,0,0,0,1,1,4,0,1.4
2026,1,Ja'Kobi Lane,BAL,IND,WR,0,0,0,0,0,0,0,0,3,1,11,0,2.1
2026,1,Justice Hill,BAL,IND,RB,0,0,0,0,0,6,18,0,1,1,10,0,3.8
2026,1,LaJohntay Wester,BAL,IND,WR,0,0,0,0,0,0,0,0,2,2,15,0,3.5
2026,1,Lamar Jackson,BAL,IND,QB,25,17,324,1,0,7,40,1,0,0,0,0,24.96
2026,1,Mark Andrews,BAL,IND,TE,0,0,0,0,0,0,0,0,6,4,49,0,8.9
2026,1,Matthew Hibner,BAL,IND,TE,0,0,0,0,0,0,0,0,1,1,13,0,2.3
2026,1,Rashod Bateman,BAL,IND,WR,0,0,0,0,0,0,0,0,1,0,0,0,0.0
2026,1,Zay Flowers,BAL,IND,WR,0,0,0,0,0,0,0,0,6,5,150,1,26.0
2026,1,DJ Moore,BUF,HOU,WR,0,0,0,0,0,0,0,0,8,5,100,1,21.0
2026,1,Dalton Kincaid,BUF,HOU,TE,0,0,0,0,0,0,0,0,6,5,130,0,18.0
2026,1,Dawson Knox,BUF,HOU,TE,0,0,0,0,0,0,0,0,1,1,7,0,1.7
2026,1,Frank Gore Jr.,BUF,HOU,RB,0,0,0,0,0,1,3,0,0,0,0,0,0.3
2026,1,James Cook,BUF,HOU,RB,0,0,0,0,0,13,57,0,4,3,12,0,9.9
2026,1,Josh Allen,BUF,HOU,QB,29,20,334,2,0,6,23,2,0,0,0,0,35.66
2026,1,Josh Palmer,BUF,HOU,WR,0,0,0,0,0,0,0,0,2,1,34,1,10.4
2026,1,Keon Coleman,BUF,HOU,WR,0,0,0,0,0,0,0,0,1,1,1,0,1.1
2026,1,Khalil Shakir,BUF,HOU,WR,0,0,0,0,0,0,0,0,6,4,50,0,9.0
2026,1,Ray Davis,BUF,HOU,RB,0,0,0,0,0,1,3,0,0,0,0,0,0.3
2026,1,AJ Dillon,CAR,CHI,RB,0,0,0,0,0,5,28,0,0,0,0,0,2.8
2026,1,Bryce Young,CAR,CHI,QB,37,23,361,3,1,2,10,1,0,0,0,0,31.44
2026,1,Chuba Hubbard,CAR,CHI,RB,0,0,0,0,0,10,49,1,3,3,38,1,23.7
2026,1,Darren Waller,CAR,CHI,TE,0,0,0,0,0,0,0,0,2,2,28,0,4.8
2026,1,Jalen Coker,CAR,CHI,WR,0,0,0,0,0,0,0,0,9,8,138,2,33.8
2026,1,Jimmy Horn Jr.,CAR,CHI,WR,0,0,0,0,0,0,0,0,1,0,0,0,0.0
2026,1,Jonathon Brooks,CAR,CHI,RB,0,0,0,0,0,4,14,0,2,1,48,0,7.2
2026,1,Kenny Pickett,CAR,CHI,QB,1,0,0,0,0,1,24,0,0,0,0,0,2.4
2026,1,Mitchell Evans,CAR,CHI,TE,0,0,0,0,0,0,0,0,2,1,9,0,1.9
2026,1,Tetairoa McMillan,CAR,CHI,WR,0,0,0,0,0,0,0,0,8,5,75,0,10.5
2026,1,Tommy Tremble,CAR,CHI,TE,0,0,0,0,0,0,0,0,5,3,25,0,5.5
2026,1,Xavier Legette,CAR,CHI,WR,0,0,0,0,0,0,0,0,2,0,0,0,0.0
2026,1,Caleb Williams,CHI,CAR,QB,29,21,269,2,0,10,65,2,0,0,0,0,37.26
2026,1,Cole Kmet,CHI,CAR,TE,0,0,0,0,0,0,0,0,3,2,35,1,11.5
2026,1,Colston Loveland,CHI,CAR,TE,0,0,0,0,0,0,0,0,2,0,0,0,0.0
2026,1,D'Andre Swift,CHI,CAR,RB,0,0,0,0,0,18,124,3,1,1,10,0,32.4
2026,1,Jahdae Walker,CHI,CAR,WR,0,0,0,0,0,0,0,0,1,1,1,1,7.1
2026,1,Kalif Raymond,CHI,CAR,WR,0,0,0,0,0,0,0,0,9,8,84,0,16.4
2026,1,Kyle Monangai,CHI,CAR,RB,0,0,0,0,0,10,100,1,2,2,24,0,20.4
2026,1,Luther Burden III,CHI,CAR,WR,0,0,0,0,0,1,2,0,5,5,63,0,9.5
2026,1,Rome Odunze,CHI,CAR,WR,0,0,0,0,0,0,0,0,3,2,52,0,7.2
2026,1,Andrei Iosivas,CIN,TAM,WR,0,0,0,0,0,0,0,0,3,2,12,0,3.2
2026,1,Chase Brown,CIN,TAM,RB,0,0,0,0,0,16,56,1,6,5,22,0,18.8
2026,1,Dohnte Meyers,CIN,TAM,WR,0,0,0,0,0,1,10,0,1,1,18,0,3.8
2026,1,Drew Sample,CIN,TAM,TE,0,0,0,0,0,0,0,0,3,3,19,0,4.9
2026,1,Ja'Marr Chase,CIN,TAM,WR,0,0,0,0,0,0,0,0,4,2,12,0,3.2
2026,1,Joe Burrow,CIN,TAM,QB,35,25,254,1,1,5,20,0,0,0,0,0,14.16
2026,1,Mike Gesicki,CIN,TAM,TE,0,0,0,0,0,0,0,0,7,5,78,1,18.8
2026,1,Samaje Perine,CIN,TAM,RB,0,0,0,0,0,5,20,0,3,3,30,0,8.0
2026,1,Tanner Hudson,CIN,TAM,TE,0,0,0,0,0,0,0,0,1,1,4,0,1.4
2026,1,Tee Higgins,CIN,TAM,WR,0,0,0,0,0,0,0,0,6,3,59,0,8.9
2026,1,Blake Whiteheart,CLE,JAX,TE,0,0,0,0,0,0,0,0,1,1,14,0,2.4
2026,1,Denzel Boston,CLE,JAX,WR,0,0,0,0,0,0,0,0,4,2,59,1,13.9
2026,1,Deshaun Watson,CLE,JAX,QB,22,16,205,1,1,6,38,0,0,0,0,0,14.0
2026,1,Harold Fannin Jr.,CLE,JAX,TE,0,0,0,0,0,0,0,0,3,2,21,0,4.1
2026,1,Jerry Jeudy,CLE,JAX,WR,0,0,0,0,0,0,0,0,4,2,26,0,4.6
2026,1,KC Concepcion,CLE,JAX,WR,0,0,0,0,0,3,15,0,5,4,43,0,7.8
2026,1,Quinshon Judkins,CLE,JAX,RB,0,0,0,0,0,12,33,0,2,2,17,0,7.0
2026,1,Raheim Sanders,CLE,JAX,RB,0,0,0,0,0,1,1,0,3,3,25,0,5.6
2026,1,Brevyn Spann-Ford,DAL,NYG,TE,0,0,0,0,0,0,0,0,2,2,14,0,3.4
2026,1,CeeDee Lamb,DAL,NYG,WR,0,0,0,0,0,1,0,0,8,5,44,1,15.4
2026,1,Dak Prescott,DAL,NYG,QB,34,22,175,2,1,2,14,0,0,0,0,0,14.4
2026,1,Emari Demercado,DAL,NYG,RB,0,0,0,0,0,2,7,0,0,0,0,0,0.7
2026,1,George Pickens,DAL,NYG,WR,0,0,0,0,0,0,0,0,6,3,28,0,5.8
2026,1,Hunter Luepke,DAL,NYG,RB,0,0,0,0,0,1,7,0,0,0,0,0,0.7
2026,1,Jake Ferguson,DAL,NYG,TE,0,0,0,0,0,0,0,0,2,2,6,0,2.6
2026,1,Javonte Williams,DAL,NYG,RB,0,0,0,0,0,12,41,1,5,5,31,1,24.2
2026,1,Jonathan Mingo,DAL,NYG,WR,0,0,0,0,0,0,0,0,1,1,10,0,2.0
2026,1,KaVontae Turpin,DAL,NYG,WR,0,0,0,0,0,0,0,0,1,1,8,0,1.8
2026,1,Luke Schoonmaker,DAL,NYG,TE,0,0,0,0,0,0,0,0,1,1,12,0,2.2
2026,1,Ryan Flournoy,DAL,NYG,WR,0,0,0,0,0,0,0,0,4,2,22,0,4.2
2026,1,Adam Trautman,DEN,KAN,TE,0,0,0,0,0,0,0,0,3,2,10,0,3.0
2026,1,Bo Nix,DEN,KAN,QB,28,17,131,1,1,3,2,0,0,0,0,0,5.44
2026,1,Courtland Sutton,DEN,KAN,WR,0,0,0,0,0,0,0,0,5,2,11,0,3.1
2026,1,Evan Engram,DEN,KAN,TE,0,0,0,0,0,0,0,0,5,4,43,1,14.3
2026,1,J.K. Dobbins,DEN,KAN,RB,0,0,0,0,0,8,36,0,0,0,0,0,3.6
2026,1,Jaylen Waddle,DEN,KAN,WR,0,0,0,0,0,0,0,0,3,1,2,0,1.2
2026,1,Pat Bryant,DEN,KAN,WR,0,0,0,0,0,0,0,0,6,4,42,0,8.2
2026,1,RJ Harvey,DEN,KAN,RB,0,0,0,0,0,3,18,0,4,4,23,0,8.1
2026,1,Troy Franklin,DEN,KAN,WR,0,0,0,0,0,1,5,0,1,0,0,0,0.5
2026,1,Amon-Ra St. Brown,DET,NOR,WR,0,0,0,0,0,0,0,0,14,10,67,2,28.7
2026,1,Brock Wright,DET,NOR,TE,0,0,0,0,0,0,0,0,1,1,5,0,1.5
2026,1,Isaac TeSlaa,DET,NOR,WR,0,0,0,0,0,0,0,0,1,0,0,0,0.0
2026,1,Jahmyr Gibbs,DET,NOR,RB,0,0,0,0,0,29,156,2,5,5,30,0,33.6
2026,1,Jameson Williams,DET,NOR,WR,0,0,0,0,0,0,0,0,9,4,45,0,8.5
2026,1,Jared Goff,DET,NOR,QB,39,26,206,2,0,2,2,0,0,0,0,0,16.44
2026,1,Sam LaPorta,DET,NOR,TE,0,0,0,0,0,0,0,0,8,5,48,0,9.8
2026,1,Sione Vaki,DET,NOR,RB,0,0,0,0,0,2,7,0,1,1,11,0,2.8
2026,1,Bo Melton,GNB,MIN,WR,0,0,0,0,0,0,0,0,1,1,10,0,2.0
2026,1,Chris Brooks,GNB,MIN,RB,0,0,0,0,0,7,29,0,1,0,0,0,2.9
2026,1,Christian Watson,GNB,MIN,WR,0,0,0,0,0,0,0,0,8,6,147,2,32.7
2026,1,Jayden Reed,GNB,MIN,WR,0,0,0,0,0,0,0,0,7,3,20,0,5.0
2026,1,Jonnu Smith,GNB,MIN,TE,0,0,0,0,0,0,0,0,3,2,50,0,7.0
2026,1,Jordan Love,GNB,MIN,QB,42,21,387,2,1,1,0,0,0,0,0,0,19.48
2026,1,MarShawn Lloyd,GNB,MIN,RB,0,0,0,0,0,13,37,0,1,0,0,0,3.7
2026,1,Matthew Golden,GNB,MIN,WR,0,0,0,0,0,0,0,0,12,6,95,0,15.5
2026,1,Skyy Moore,GNB,MIN,WR,0,0,0,0,0,0,0,0,1,0,0,0,0.0
2026,1,Tucker Kraft,GNB,MIN,TE,0,0,0,0,0,0,0,0,6,3,65,0,9.5
2026,1,C.J. Stroud,HOU,BUF,QB,38,26,274,2,0,2,15,0,0,0,0,0,16.46
2026,1,Cade Stover,HOU,BUF,TE,0,0,0,0,0,0,0,0,1,1,-2,0,0.8
2026,1,Dalton Schultz,HOU,BUF,TE,0,0,0,0,0,0,0,0,8,4,35,0,7.5
2026,1,David Montgomery,HOU,BUF,RB,0,0,0,0,0,20,60,2,3,3,19,1,28.9
2026,1,Foster Moreau,HOU,BUF,TE,0,0,0,0,0,0,0,0,2,2,15,0,3.5
2026,1,Jared Wayne,HOU,BUF,WR,0,0,0,0,0,0,0,0,1,1,12,0,2.2
2026,1,Jaylin Noel,HOU,BUF,WR,0,0,0,0,0,0,0,0,2,2,53,0,7.3
2026,1,Kayshon Boutte,HOU,BUF,WR,0,0,0,0,0,0,0,0,2,1,21,0,3.1
2026,1,Marlin Klein,HOU,BUF,TE,0,0,0,0,0,0,0,0,1,1,16,0,2.6
2026,1,Nico Collins,HOU,BUF,WR,0,0,0,0,0,1,7,0,10,7,75,1,21.2
2026,1,Woody Marks,HOU,BUF,RB,0,0,0,0,0,9,42,0,1,1,-2,0,5.0
2026,1,Xavier Hutchinson,HOU,BUF,WR,0,0,0,0,0,0,0,0,6,3,32,0,6.2
2026,1,Alec Pierce,IND,BAL,WR,0,0,0,0,0,0,0,0,6,4,61,0,10.1
2026,1,Andrew Ogletree,IND,BAL,TE,0,0,0,0,0,0,0,0,1,0,0,0,0.0
2026,1,Ashton Dulin,IND,BAL,WR,0,0,0,0,0,0,0,0,1,0,0,0,0.0
2026,1,Daniel Jones,IND,BAL,QB,31,19,166,1,1,1,4,0,0,0,0,0,9.04
2026,1,Jonathan Taylor,IND,BAL,RB,0,0,0,0,0,19,98,2,4,3,23,0,25.1
2026,1,Josh Downs,IND,BAL,WR,0,0,0,0,0,0,0,0,4,2,37,0,5.7
2026,1,Keenan Allen,IND,BAL,WR,0,0,0,0,0,0,0,0,6,6,32,0,9.2
2026,1,Laquon Treadwell,IND,BAL,WR,0,0,0,0,0,0,0,0,1,0,0,0,0.0
2026,1,Seth McGowan,IND,BAL,RB,0,0,0,0,0,0,0,0,1,1,0,0,1.0
2026,1,Tyler Warren,IND,BAL,TE,0,0,0,0,0,0,0,0,5,3,13,1,10.3
2026,1,Ameer Abdullah,JAX,CLE,RB,0,0,0,0,0,4,32,0,1,1,0,0,4.2
2026,1,Bhayshul Tuten,JAX,CLE,RB,0,0,0,0,0,15,66,0,1,1,22,0,9.8
2026,1,Brenton Strange,JAX,CLE,TE,0,0,0,0,0,0,0,0,3,2,23,1,10.3
2026,1,Brian Thomas Jr.,JAX,CLE,WR,0,0,0,0,0,0,0,0,3,3,40,0,7.0
2026,1,Chris Rodriguez Jr.,JAX,CLE,RB,0,0,0,0,0,6,23,0,0,0,0,0,2.3
2026,1,Jakobi Meyers,JAX,CLE,WR,0,0,0,0,0,1,2,0,2,2,40,1,12.2
2026,1,Josh Cameron,JAX,CLE,WR,0,0,0,0,0,0,0,0,2,2,20,1,10.0
2026,1,Nate Boerkircher,JAX,CLE,TE,0,0,0,0,0,0,0,0,1,1,9,0,1.9
2026,1,Nick Mullens,JAX,CLE,QB,0,0,0,0,0,3,-3,0,0,0,0,0,-0.3
2026,1,Parker Washington,JAX,CLE,WR,0,0,0,0,0,0,0,0,6,5,83,1,19.3
2026,1,Quintin Morris,JAX,CLE,TE,0,0,0,0,0,0,0,0,1,0,0,0,0.0
2026,1,Trevor Lawrence,JAX,CLE,QB,23,18,245,4,0,2,3,0,0,0,0,0,26.1
2026,1,Cyrus Allen,KAN,DEN,WR,0,0,0,0,0,0,0,0,1,0,0,0,0.0
2026,1,Emmett Johnson,KAN,DEN,RB,0,0,0,0,0,8,24,0,2,2,44,0,8.8
2026,1,Jake Briningstool,KAN,DEN,TE,0,0,0,0,0,0,0,0,1,1,9,0,1.9
2026,1,Kenneth Walker III,KAN,DEN,RB,0,0,0,0,0,23,173,1,6,3,18,1,34.1
2026,1,Noah Gray,KAN,DEN,TE,0,0,0,0,0,0,0,0,1,1,5,0,1.5
2026,1,Patrick Mahomes,KAN,DEN,QB,27,15,184,2,1,7,23,1,0,0,0,0,21.66
2026,1,Rashee Rice,KAN,DEN,WR,0,0,0,0,0,0,0,0,2,2,19,1,9.9
2026,1,Travis Kelce,KAN,DEN,TE,0,0,0,0,0,0,0,0,5,3,71,0,10.1
2026,1,Tyquan Thornton,KAN,DEN,WR,0,0,0,0,0,0,0,0,1,0,0,0,0.0
2026,1,Xavier Worthy,KAN,DEN,WR,0,0,0,0,0,0,0,0,6,3,18,0,4.8
2026,1,David Njoku,LAC,ARI,TE,0,0,0,0,0,0,0,0,5,5,58,0,10.8
2026,1,Derius Davis,LAC,ARI,WR,0,0,0,0,0,0,0,0,1,0,0,0,0.0
2026,1,Justin Herbert,LAC,ARI,QB,27,17,209,1,1,5,29,0,0,0,0,0,13.26
2026,1,Keaton Mitchell,LAC,ARI,RB,0,0,0,0,0,4,9,0,0,0,0,0,0.9
2026,1,Ladd McConkey,LAC,ARI,WR,0,0,0,0,0,0,0,0,7,5,82,1,19.2
2026,1,Omarion Hampton,LAC,ARI,RB,0,0,0,0,0,12,43,1,0,0,0,0,8.3
2026,1,Oronde Gadsden II,LAC,ARI,TE,0,0,0,0,0,0,0,0,2,2,32,0,5.2
2026,1,Quentin Johnston,LAC,ARI,WR,0,0,0,0,0,0,0,0,6,2,17,0,3.7
2026,1,Tre Harris,LAC,ARI,WR,0,0,0,0,0,0,0,0,6,3,20,0,5.0
2026,1,Blake Corum,LAR,SFO,RB,0,0,0,0,0,10,54,0,0,0,0,0,5.4
2026,1,Colby Parkinson,LAR,SFO,TE,0,0,0,0,0,0,0,0,2,1,6,0,1.6
2026,1,Davante Adams,LAR,SFO,WR,0,0,0,0,0,0,0,0,6,3,26,0,5.6
2026,1,Davis Allen,LAR,SFO,TE,0,0,0,0,0,0,0,0,1,1,13,0,2.3
2026,1,Jordan Whittington,LAR,SFO,WR,0,0,0,0,0,0,0,0,1,1,8,0,1.8
2026,1,Konata Mumpfield,LAR,SFO,WR,0,0,0,0,0,0,0,0,1,0,0,0,0.0
2026,1,Kyren Williams,LAR,SFO,RB,0,0,0,0,0,11,41,1,3,3,24,0,15.5
2026,1,Matthew Stafford,LAR,SFO,QB,25,15,155,0,1,2,-1,0,0,0,0,0,4.1
2026,1,Puka Nacua,LAR,SFO,WR,0,0,0,0,0,0,0,0,9,5,74,0,12.4
2026,1,Ronnie Rivers,LAR,SFO,RB,0,0,0,0,0,5,19,0,1,1,5,0,3.4
2026,1,Stetson Bennett,LAR,SFO,QB,3,2,13,0,0,1,9,0,0,0,0,0,1.42
2026,1,Terrance Ferguson,LAR,SFO,TE,0,0,0,0,0,0,0,0,1,0,0,0,0.0
2026,1,Tyler Higbee,LAR,SFO,TE,0,0,0,0,0,0,0,0,2,2,12,0,1.2
2026,1,Ashton Jeanty,LVR,MIA,RB,0,0,0,0,0,23,102,0,6,6,45,2,32.7
2026,1,Cody White,LVR,MIA,WR,0,0,0,0,0,0,0,0,1,0,0,0,0.0
2026,1,Connor Heyward,LVR,MIA,RB,0,0,0,0,0,1,1,0,0,0,0,0,0.1
2026,1,Jack Bech,LVR,MIA,WR,0,0,0,0,0,0,0,0,4,3,23,1,11.3
2026,1,Jalen Nailor,LVR,MIA,WR,0,0,0,0,0,0,0,0,5,3,27,0,5.7
2026,1,Kirk Cousins,LVR,MIA,QB,30,21,160,3,2,5,-6,0,0,0,0,0,13.8
2026,1,Malik Benson,LVR,MIA,WR,0,0,0,0,0,1,-8,0,2,1,6,0,0.8
2026,1,Michael Mayer,LVR,MIA,TE,0,0,0,0,0,0,0,0,7,6,32,0,9.2
2026,1,Mike Washington Jr.,LVR,MIA,RB,0,0,0,0,0,7,41,0,0,0,0,0,4.1
2026,1,Tre Tucker,LVR,MIA,WR,0,0,0,0,0,0,0,0,4,2,27,0,4.7
2026,1,Caleb Douglas,MIA,LVR,WR,0,0,0,0,0,0,0,0,7,5,94,0,14.4
2026,1,Chris Bell,MIA,LVR,WR,0,0,0,0,0,0,0,0,2,1,25,0,3.5
2026,1,De'Von Achane,MIA,LVR,RB,0,0,0,0,0,11,36,0,5,4,30,0,10.6
2026,1,Greg Dulcich,MIA,LVR,TE,0,0,0,0,0,0,0,0,2,2,18,0,3.8
2026,1,Jaylen Wright,MIA,LVR,RB,0,0,0,0,0,1,-1,0,0,0,0,0,-0.1
2026,1,Kevin Coleman Jr.,MIA,LVR,WR,0,0,0,0,0,0,0,0,2,0,0,0,0.0
2026,1,Malik Washington,MIA,LVR,WR,0,0,0,0,0,0,0,0,8,3,53,0,6.3
2026,1,Malik Willis,MIA,LVR,QB,27,15,220,0,1,6,39,1,0,0,0,0,16.7
2026,1,Will Kacmarek,MIA,LVR,TE,0,0,0,0,0,0,0,0,1,0,0,0,0.0
2026,1,Aaron Jones,MIN,GNB,RB,0,0,0,0,0,12,40,1,1,0,0,0,10.0
2026,1,Carson Wentz,MIN,GNB,QB,19,12,133,3,0,5,-1,0,0,0,0,0,19.22
2026,1,DeeJay Dallas,MIN,GNB,RB,0,0,0,0,0,0,0,0,1,1,1,0,1.1
2026,1,Jauan Jennings,MIN,GNB,WR,0,0,0,0,0,0,0,0,1,0,0,0,0.0
2026,1,Jordan Addison,MIN,GNB,WR,0,0,0,0,0,0,0,0,2,0,0,0,0.0
2026,1,Jordan Mason,MIN,GNB,RB,0,0,0,0,0,15,59,1,0,0,0,0,11.9
2026,1,Josh Oliver,MIN,GNB,TE,0,0,0,0,0,0,0,0,4,2,22,0,4.2
2026,1,Justin Jefferson,MIN,GNB,WR,0,0,0,0,0,0,0,0,9,8,92,2,31.2
2026,1,Kyler Murray,MIN,GNB,QB,5,3,18,0,1,2,9,0,0,0,0,0,-0.38
2026,1,T.J. Hockenson,MIN,GNB,TE,0,0,0,0,0,0,0,0,5,4,36,1,13.6
2026,1,Barion Brown,NOR,DET,WR,0,0,0,0,0,1,3,0,0,0,0,0,0.3
2026,1,Bryce Lance,NOR,DET,WR,0,0,0,0,0,0,0,0,4,3,42,0,7.2
2026,1,CJ Donaldson,NOR,DET,RB,0,0,0,0,0,2,4,0,2,1,-2,0,1.2
2026,1,Chris Olave,NOR,DET,WR,0,0,0,0,0,0,0,0,13,10,182,0,28.2
2026,1,Devaughn Vele,NOR,DET,WR,0,0,0,0,0,0,0,0,9,7,69,1,19.9
2026,1,Juwan Johnson,NOR,DET,TE,0,0,0,0,0,0,0,0,7,3,54,1,14.4
2026,1,Kendre Miller,NOR,DET,RB,0,0,0,0,0,9,30,1,0,0,0,0,9.0
2026,1,Noah Fant,NOR,DET,TE,0,0,0,0,0,0,0,0,8,4,33,1,13.3
2026,1,Travis Etienne,NOR,DET,RB,0,0,0,0,0,9,46,0,9,7,32,0,14.8
2026,1,Tyler Shough,NOR,DET,QB,56,35,410,3,2,4,8,0,0,0,0,0,23.2
2026,1,A.J. Brown,NWE,SEA,WR,0,0,0,0,0,0,0,0,4,3,26,0,5.6
2026,1,Corey Kiner,NWE,SEA,RB,0,0,0,0,0,6,11,0,0,0,0,0,1.1
2026,1,DeMario Douglas,NWE,SEA,WR,0,0,0,0,0,0,0,0,7,5,20,0,7.0
2026,1,Drake Maye,NWE,SEA,QB,33,23,178,1,3,7,47,0,0,0,0,0,9.82
2026,1,Eli Raridon,NWE,SEA,TE,0,0,0,0,0,0,0,0,1,1,2,1,7.2
2026,1,Hunter Henry,NWE,SEA,TE,0,0,0,0,0,0,0,0,3,3,26,0,5.6
2026,1,Lan Larison,NWE,SEA,RB,0,0,0,0,0,0,0,0,2,2,9,0,2.9
2026,1,Mack Hollins,NWE,SEA,WR,0,0,0,0,0,0,0,0,5,4,51,0,9.1
2026,1,Rhamondre Stevenson,NWE,SEA,RB,0,0,0,0,0,18,51,0,6,5,44,0,14.5
2026,1,Romeo Doubs,NWE,SEA,WR,0,0,0,0,0,0,0,0,3,0,0,0,0.0
2026,1,Cam Skattebo,NYG,DAL,RB,0,0,0,0,0,18,81,1,0,0,0,0,14.1
2026,1,Darnell Mooney,NYG,DAL,WR,0,0,0,0,0,0,0,0,2,2,27,0,4.7
2026,1,Devin Singletary,NYG,DAL,RB,0,0,0,0,0,6,16,0,4,4,22,1,13.8
2026,1,Isaiah Likely,NYG,DAL,TE,0,0,0,0,0,0,0,0,8,8,78,2,27.8
2026,1,Jaxson Dart,NYG,DAL,QB,29,23,230,3,0,11,54,0,0,0,0,0,26.6
2026,1,Malachi Fields,NYG,DAL,WR,0,0,0,0,0,0,0,0,4,2,25,0,4.5
2026,1,Malik Nabers,NYG,DAL,WR,0,0,0,0,0,0,0,0,9,6,69,0,12.9
2026,1,Patrick Ricard,NYG,DAL,RB,0,0,0,0,0,0,0,0,1,0,0,0,0.0
2026,1,Theo Johnson,NYG,DAL,TE,0,0,0,0,0,0,0,0,1,1,9,0,1.9
2026,1,Tyrone Tracy Jr.,NYG,DAL,RB,0,0,0,0,0,2,14,0,0,0,0,0,-0.6
2026,1,Adonai Mitchell,NYJ,TEN,WR,0,0,0,0,0,0,0,0,3,3,60,0,9.0
2026,1,Arian Smith,NYJ,TEN,WR,0,0,0,0,0,0,0,0,1,0,0,0,0.0
2026,1,Braelon Allen,NYJ,TEN,RB,0,0,0,0,0,10,40,0,1,0,0,0,4.0
2026,1,Breece Hall,NYJ,TEN,RB,0,0,0,0,0,22,102,1,2,2,16,0,19.8
2026,1,Garrett Wilson,NYJ,TEN,WR,0,0,0,0,0,0,0,0,7,6,79,0,13.9
2026,1,Geno Smith,NYJ,TEN,QB,24,19,215,0,0,6,7,0,0,0,0,0,9.3
2026,1,Isaiah Williams,NYJ,TEN,WR,0,0,0,0,0,0,0,0,1,1,7,0,1.7
2026,1,Jeremy Ruckert,NYJ,TEN,TE,0,0,0,0,0,0,0,0,1,1,4,0,1.4
2026,1,Kenyon Sadiq,NYJ,TEN,TE,0,0,0,0,0,1,3,1,3,3,21,0,11.4
2026,1,Mason Taylor,NYJ,TEN,TE,0,0,0,0,0,0,0,0,3,2,-2,0,1.8
2026,1,Omar Cooper Jr.,NYJ,TEN,WR,0,0,0,0,0,0,0,0,1,1,30,0,4.0
2026,1,Dallas Goedert,PHI,WAS,TE,0,0,0,0,0,0,0,0,5,4,77,2,23.7
2026,1,DeVonta Smith,PHI,WAS,WR,0,0,0,0,0,0,0,0,6,3,53,0,8.3
2026,1,Dontayvion Wicks,PHI,WAS,WR,0,0,0,0,0,0,0,0,4,2,73,1,15.3
2026,1,Jalen Hurts,PHI,WAS,QB,25,14,203,3,0,7,46,0,0,0,0,0,24.72
2026,1,Makai Lemon,PHI,WAS,WR,0,0,0,0,0,0,0,0,4,3,-5,0,2.5
2026,1,Saquon Barkley,PHI,WAS,RB,0,0,0,0,0,15,83,0,2,1,-3,0,9.0
2026,1,Tank Bigsby,PHI,WAS,RB,0,0,0,0,0,1,3,0,0,0,0,0,0.3
2026,1,Will Shipley,PHI,WAS,RB,0,0,0,0,0,2,4,0,1,1,8,0,2.2
2026,1,Aaron Rodgers,PIT,ATL,QB,40,24,221,1,0,3,-3,0,0,0,0,0,12.54
2026,1,DK Metcalf,PIT,ATL,WR,0,0,0,0,0,0,0,0,10,4,40,0,8.0
2026,1,Darnell Washington,PIT,ATL,TE,0,0,0,0,0,0,0,0,2,2,18,0,3.8
2026,1,Jaylen Warren,PIT,ATL,RB,0,0,0,0,0,10,46,0,6,5,27,0,10.3
2026,1,Michael Pittman,PIT,ATL,WR,0,0,0,0,0,0,0,0,3,3,58,0,8.8
2026,1,Pat Freiermuth,PIT,ATL,TE,0,0,0,0,0,0,0,0,5,5,46,1,15.6
2026,1,Rico Dowdle,PIT,ATL,RB,0,0,0,0,0,8,15,0,5,2,6,0,4.1
2026,1,Roman Wilson,PIT,ATL,WR,0,0,0,0,0,0,0,0,6,3,26,0,5.6
2026,1,AJ Barner,SEA,NWE,TE,0,0,0,0,0,0,0,0,2,2,13,0,3.3
2026,1,Brady Russell,SEA,NWE,RB,0,0,0,0,0,0,0,0,2,2,20,0,4.0
2026,1,Cooper Kupp,SEA,NWE,WR,0,0,0,0,0,0,0,0,3,2,35,0,5.5
2026,1,Drew Lock,SEA,NWE,QB,22,16,187,1,0,2,13,0,0,0,0,0,12.78
2026,1,Emanuel Wilson,SEA,NWE,RB,0,0,0,0,0,2,3,0,0,0,0,0,0.3
2026,1,George Holani,SEA,NWE,RB,0,0,0,0,0,8,29,0,1,0,0,0,2.9
2026,1,Jadarian Price,SEA,NWE,RB,0,0,0,0,0,10,52,0,2,2,6,0,7.8
2026,1,Jaxon Smith-Njigba,SEA,NWE,WR,0,0,0,0,0,0,0,0,11,8,122,1,26.2
2026,1,Rashid Shaheed,SEA,NWE,WR,0,0,0,0,0,0,0,0,3,1,4,0,1.4
2026,1,Brock Purdy,SFO,LAR,QB,34,25,205,3,1,5,29,0,0,0,0,0,21.1
2026,1,Christian McCaffrey,SFO,LAR,RB,0,0,0,0,0,10,68,0,8,5,20,0,13.8
2026,1,Deebo Samuel Sr.,SFO,LAR,WR,0,0,0,0,0,1,12,0,7,6,48,1,18.0
2026,1,Demarcus Robinson,SFO,LAR,WR,0,0,0,0,0,0,0,0,3,2,50,1,13.0
2026,1,George Kittle,SFO,LAR,TE,0,0,0,0,0,0,0,0,5,2,12,0,3.2
2026,1,Kaelon Black,SFO,LAR,RB,0,0,0,0,0,14,65,0,1,1,5,0,8.0
2026,1,Luke Farrell,SFO,LAR,TE,0,0,0,0,0,0,0,0,2,2,19,0,3.9
2026,1,Mike Evans,SFO,LAR,WR,0,0,0,0,0,0,0,0,7,6,49,1,16.9
2026,1,Baker Mayfield,TAM,CIN,QB,28,23,216,0,0,5,30,1,0,0,0,0,11.64
2026,1,Bucky Irving,TAM,CIN,RB,0,0,0,0,0,8,45,1,7,7,48,0,20.3
2026,1,Cade Otton,TAM,CIN,TE,0,0,0,0,0,0,0,0,5,3,26,0,5.6
2026,1,Chris Godwin Jr.,TAM,CIN,WR,0,0,0,0,0,1,3,0,4,4,40,0,8.3
2026,1,Emeka Egbuka,TAM,CIN,WR,0,0,0,0,0,0,0,0,6,5,63,0,11.3
2026,1,Kenny Gainwell,TAM,CIN,RB,0,0,0,0,0,5,15,0,1,1,3,0,2.8
2026,1,Ted Hurst III,TAM,CIN,WR,0,0,0,0,0,0,0,0,3,3,36,0,6.6
2026,1,Tez Johnson,TAM,CIN,WR,0,0,0,0,0,1,-4,0,1,0,0,0,-0.4
2026,1,Cam Ward,TEN,NYJ,QB,32,19,140,1,0,4,21,0,0,0,0,0,11.7
2026,1,Carnell Tate,TEN,NYJ,WR,0,0,0,0,0,0,0,0,6,4,38,0,7.8
2026,1,Chimere Dike,TEN,NYJ,WR,0,0,0,0,0,0,0,0,1,1,7,0,1.7
2026,1,Daniel Bellinger,TEN,NYJ,TE,0,0,0,0,0,0,0,0,1,1,7,0,1.7
2026,1,Elic Ayomanor,TEN,NYJ,WR,0,0,0,0,0,0,0,0,3,1,11,1,8.1
2026,1,Gunnar Helm,TEN,NYJ,TE,0,0,0,0,0,0,0,0,5,4,28,0,6.8
2026,1,Tony Pollard,TEN,NYJ,RB,0,0,0,0,0,7,35,0,2,1,-1,0,4.4
2026,1,Tyjae Spears,TEN,NYJ,RB,0,0,0,0,0,3,12,0,4,2,12,0,4.4
2026,1,Wan'Dale Robinson,TEN,NYJ,WR,0,0,0,0,0,0,0,0,6,5,38,0,8.8
2026,1,Antonio Williams,WAS,PHI,WR,0,0,0,0,0,0,0,0,4,4,64,1,16.4
2026,1,Chig Okonkwo,WAS,PHI,TE,0,0,0,0,0,0,0,0,3,2,16,0,3.6
2026,1,Dyami Brown,WAS,PHI,WR,0,0,0,0,0,0,0,0,2,0,0,0,0.0
2026,1,Jacory Croskey-Merritt,WAS,PHI,RB,0,0,0,0,0,16,63,1,1,1,-7,0,12.6
2026,1,Jayden Daniels,WAS,PHI,QB,34,18,164,2,0,5,31,0,0,0,0,0,17.66
2026,1,Jaylin Lane,WAS,PHI,WR,0,0,0,0,0,0,0,0,1,1,4,0,1.4
2026,1,John Bates,WAS,PHI,TE,0,0,0,0,0,0,0,0,3,2,13,0,3.3
2026,1,Kaytron Allen,WAS,PHI,RB,0,0,0,0,0,4,16,0,0,0,0,0,1.6
2026,1,Rachaad White,WAS,PHI,RB,0,0,0,0,0,7,22,0,2,2,5,0,4.7
2026,1,Stefon Diggs,WAS,PHI,WR,0,0,0,0,0,0,0,0,9,4,55,1,15.5
2026,1,Terry McLaurin,WAS,PHI,WR,0,0,0,0,0,0,0,0,4,2,14,0,3.4
2026,2,Bam Knight,ARI,SEA,RB,0,0,0,0,0,2,24,0,0,0,0,0,2.4
2026,2,Jacoby Brissett,ARI,SEA,QB,28,17,95,1,1,1,7,0,0,0,0,0,6.5
2026,2,Jeremiyah Love,ARI,SEA,RB,0,0,0,0,0,9,29,0,3,3,16,0,7.5
2026,2,Kendrick Bourne,ARI,SEA,WR,0,0,0,0,0,0,0,0,3,2,11,0,3.1
2026,2,Marvin Harrison Jr.,ARI,SEA,WR,0,0,0,0,0,0,0,0,1,0,0,0,0.0
2026,2,Michael Wilson,ARI,SEA,WR,0,0,0,0,0,0,0,0,7,2,18,0,3.8
2026,2,Trey McBride,ARI,SEA,TE,0,0,0,0,0,0,0,0,10,8,41,1,18.1
2026,2,Tyler Allgeier,ARI,SEA,RB,0,0,0,0,0,5,10,0,2,2,9,0,3.9
2026,2,Austin Hooper,ATL,CAR,TE,0,0,0,0,0,0,0,0,4,2,20,0,4.0
2026,2,Bijan Robinson,ATL,CAR,RB,0,0,0,0,0,16,72,0,4,3,9,0,11.1
2026,2,Brian Robinson,ATL,CAR,RB,0,0,0,0,0,11,51,0,2,2,16,0,8.7
2026,2,Charlie Woerner,ATL,CAR,TE,0,0,0,0,0,0,0,0,1,0,0,0,0.0
2026,2,Chris Blair,ATL,CAR,WR,0,0,0,0,0,0,0,0,3,1,6,0,1.6
2026,2,Cooper Rush,ATL,CAR,QB,17,10,86,0,2,2,20,0,0,0,0,0,-0.56
2026,2,Drake London,ATL,CAR,WR,0,0,0,0,0,1,-2,0,5,4,51,0,8.9
2026,2,Jack Strand,ATL,CAR,QB,15,8,59,0,1,2,16,0,0,0,0,0,-0.04
2026,2,Jahan Dotson,ATL,CAR,WR,0,0,0,0,0,0,0,0,4,2,11,0,3.1
2026,2,Kyle Pitts,ATL,CAR,TE,0,0,0,0,0,0,0,0,3,1,15,0,2.5
2026,2,Olamide Zaccheaus,ATL,CAR,WR,0,0,0,0,0,0,0,0,3,1,3,0,1.3
2026,2,Zachariah Branch,ATL,CAR,WR,0,0,0,0,0,0,0,0,2,2,14,0,3.4
2026,2,Chris Moore,BAL,NOR,WR,0,0,0,0,0,0,0,0,3,1,6,0,1.6
2026,2,Derrick Henry,BAL,NOR,RB,0,0,0,0,0,16,68,1,3,3,19,0,17.7
2026,2,Devontez Walker,BAL,NOR,WR,0,0,0,0,0,0,0,0,2,1,47,0,5.7
2026,2,Durham Smythe,BAL,NOR,TE,0,0,0,0,0,0,0,0,1,0,0,0,0.0
2026,2,Justice Hill,BAL,NOR,RB,0,0,0,0,0,2,6,0,2,2,12,0,3.8
2026,2,LaJohntay Wester,BAL,NOR,WR,0,0,0,0,0,0,0,0,2,1,14,0,2.4
2026,2,Lamar Jackson,BAL,NOR,QB,31,21,235,1,1,4,34,0,0,0,0,0,14.8
2026,2,Mark Andrews,BAL,NOR,TE,0,0,0,0,0,0,0,0,7,6,49,0,10.9
2026,2,Rashod Bateman,BAL,NOR,WR,0,0,0,0,0,0,0,0,9,7,88,1,21.8
2026,2,DJ Moore,BUF,DET,WR,0,0,0,0,0,1,-1,0,0,0,0,0,-0.1
2026,2,Dalton Kincaid,BUF,DET,TE,0,0,0,0,0,0,0,0,8,7,95,1,22.5
2026,2,Dawson Knox,BUF,DET,TE,0,0,0,0,0,0,0,0,2,2,5,1,8.5
2026,2,James Cook,BUF,DET,RB,0,0,0,0,0,21,135,1,3,1,4,0,20.9
2026,2,Josh Allen,BUF,DET,QB,31,20,248,3,0,14,69,2,0,0,0,0,40.82
2026,2,Josh Palmer,BUF,DET,WR,0,0,0,0,0,0,0,0,3,1,43,1,11.3
2026,2,Keon Coleman,BUF,DET,WR,0,0,0,0,0,0,0,0,6,6,63,0,12.3
2026,2,Khalil Shakir,BUF,DET,WR,0,0,0,0,0,0,0,0,6,3,38,0,6.8
2026,2,AJ Dillon,CAR,ATL,RB,0,0,0,0,0,3,-3,0,0,0,0,0,-0.3
2026,2,Bryce Young,CAR,ATL,QB,36,23,287,3,0,1,6,0,0,0,0,0,24.08
2026,2,Chuba Hubbard,CAR,ATL,RB,0,0,0,0,0,12,53,0,2,2,11,1,14.4
2026,2,Darren Waller,CAR,ATL,TE,0,0,0,0,0,0,0,0,3,3,33,2,18.3
2026,2,Jalen Coker,CAR,ATL,WR,0,0,0,0,0,0,0,0,9,8,66,0,14.6
2026,2,Jonathon Brooks,CAR,ATL,RB,0,0,0,0,0,5,16,0,1,1,-5,0,2.1
2026,2,Kenny Pickett,CAR,ATL,QB,0,0,0,0,0,1,-4,0,0,0,0,0,-0.4
2026,2,Mitchell Evans,CAR,ATL,TE,0,0,0,0,0,0,0,0,1,1,13,0,2.3
2026,2,Tetairoa McMillan,CAR,ATL,WR,0,0,0,0,0,0,0,0,10,5,101,0,15.1
2026,2,Tommy Tremble,CAR,ATL,TE,0,0,0,0,0,0,0,0,2,1,4,0,1.4
2026,2,Xavier Legette,CAR,ATL,WR,0,0,0,0,0,0,0,0,4,2,64,0,8.4
2026,2,Caleb Williams,CHI,MIN,QB,26,15,138,0,1,5,42,0,0,0,0,0,7.72
2026,2,Cole Kmet,CHI,MIN,TE,0,0,0,0,0,0,0,0,1,0,0,0,0.0
2026,2,Colston Loveland,CHI,MIN,TE,0,0,0,0,0,0,0,0,3,1,3,0,1.3
2026,2,D'Andre Swift,CHI,MIN,RB,0,0,0,0,0,16,45,0,5,5,54,0,12.9
2026,2,Kalif Raymond,CHI,MIN,WR,0,0,0,0,0,0,0,0,5,5,40,0,9.0
2026,2,Kyle Monangai,CHI,MIN,RB,0,0,0,0,0,10,47,0,2,2,11,0,7.8
2026,2,Luther Burden III,CHI,MIN,WR,0,0,0,0,0,0,0,0,7,3,32,0,6.2
2026,2,Rome Odunze,CHI,MIN,WR,0,0,0,0,0,0,0,0,4,3,43,0,7.3
2026,2,Sam Roush,CHI,MIN,TE,0,0,0,0,0,0,0,0,3,1,9,0,1.9
2026,2,Tyson Bagent,CHI,MIN,QB,9,5,54,0,0,0,0,0,0,0,0,0,2.16
2026,2,Andrei Iosivas,CIN,HOU,WR,0,0,0,0,0,0,0,0,1,1,7,0,1.7
2026,2,Chase Brown,CIN,HOU,RB,0,0,0,0,0,20,80,0,5,3,2,0,11.2
2026,2,Colbie Young,CIN,HOU,WR,0,0,0,0,0,0,0,0,1,1,7,0,1.7
2026,2,Dohnte Meyers,CIN,HOU,WR,0,0,0,0,0,0,0,0,1,0,0,0,0.0
2026,2,Erick All,CIN,HOU,TE,0,0,0,0,0,0,0,0,3,2,5,0,2.5
2026,2,Ja'Marr Chase,CIN,HOU,WR,0,0,0,0,0,0,0,0,9,7,75,2,26.5
2026,2,Joe Burrow,CIN,HOU,QB,31,20,207,2,0,1,-1,0,0,0,0,0,16.18
2026,2,Samaje Perine,CIN,HOU,RB,0,0,0,0,0,2,6,0,1,1,16,0,3.2
2026,2,Tee Higgins,CIN,HOU,WR,0,0,0,0,0,0,0,0,10,5,95,0,14.5
2026,2,Blake Whiteheart,CLE,TAM,TE,0,0,0,0,0,0,0,0,2,1,17,1,8.7
2026,2,Denzel Boston,CLE,TAM,WR,0,0,0,0,0,0,0,0,7,5,95,1,20.5
2026,2,Deshaun Watson,CLE,TAM,QB,30,24,238,2,0,7,22,0,0,0,0,0,19.72
2026,2,Harold Fannin Jr.,CLE,TAM,TE,0,0,0,0,0,0,0,0,6,5,54,0,10.4
2026,2,Isaiah Bond,CLE,TAM,WR,0,0,0,0,0,0,0,0,1,1,10,0,2.0
2026,2,Jaleel McLaughlin,CLE,TAM,RB,0,0,0,0,0,1,3,0,1,0,0,0,0.3
2026,2,Jerry Jeudy,CLE,TAM,WR,0,0,0,0,0,0,0,0,1,0,0,0,0.0
2026,2,KC Concepcion,CLE,TAM,WR,0,0,0,0,0,1,-6,0,6,6,28,0,8.2
2026,2,Quinshon Judkins,CLE,TAM,RB,0,0,0,0,0,12,21,0,5,5,27,0,9.8
2026,2,Raheim Sanders,CLE,TAM,RB,0,0,0,0,0,2,4,0,1,1,7,0,2.1
2026,2,CeeDee Lamb,DAL,WAS,WR,0,0,0,0,0,0,0,0,9,8,153,2,35.3
2026,2,Dak Prescott,DAL,WAS,QB,31,26,279,4,0,4,26,0,0,0,0,0,29.76
2026,2,Emari Demercado,DAL,WAS,RB,0,0,0,0,0,3,8,0,0,0,0,0,0.8
2026,2,George Pickens,DAL,WAS,WR,0,0,0,0,0,0,0,0,8,6,40,0,10.0
2026,2,Hunter Luepke,DAL,WAS,RB,0,0,0,0,0,1,1,0,0,0,0,0,0.1
2026,2,Jake Ferguson,DAL,WAS,TE,0,0,0,0,0,0,0,0,4,4,43,2,20.3
2026,2,Javonte Williams,DAL,WAS,RB,0,0,0,0,0,12,30,0,4,3,20,0,8.0
2026,2,KaVontae Turpin,DAL,WAS,WR,0,0,0,0,0,1,1,0,0,0,0,0,0.1
2026,2,Ryan Flournoy,DAL,WAS,WR,0,0,0,0,0,0,0,0,6,5,23,0,7.3
2026,2,Adam Prentice,DEN,JAX,RB,0,0,0,0,0,0,0,0,1,1,2,0,1.2
2026,2,Bo Nix,DEN,JAX,QB,31,22,288,1,1,5,6,0,0,0,0,0,14.12
2026,2,Courtland Sutton,DEN,JAX,WR,0,0,0,0,0,0,0,0,4,3,25,0,5.5
2026,2,Evan Engram,DEN,JAX,TE,0,0,0,0,0,0,0,0,1,1,17,0,2.7
2026,2,J.K. Dobbins,DEN,JAX,RB,0,0,0,0,0,10,36,0,0,0,0,0,3.6
2026,2,Jaylen Waddle,DEN,JAX,WR,0,0,0,0,0,0,0,0,10,8,138,0,21.8
2026,2,Jonah Coleman,DEN,JAX,RB,0,0,0,0,0,10,39,1,3,3,19,0,14.8
2026,2,Lil'Jordan Humphrey,DEN,JAX,WR,0,0,0,0,0,0,0,0,1,0,0,0,0.0
2026,2,Nate Adkins,DEN,JAX,TE,0,0,0,0,0,1,6,0,3,3,32,1,12.8
2026,2,Pat Bryant,DEN,JAX,WR,0,0,0,0,0,1,16,0,1,0,0,0,1.6
2026,2,Troy Franklin,DEN,JAX,WR,0,0,0,0,0,0,0,0,2,1,27,0,3.7
2026,2,Tyler Badie,DEN,JAX,RB,0,0,0,0,0,1,1,0,3,2,28,0,4.9
2026,2,Amon-Ra St. Brown,DET,BUF,WR,0,0,0,0,0,0,0,0,13,9,142,2,35.2
2026,2,Isaac TeSlaa,DET,BUF,WR,0,0,0,0,0,0,0,0,5,2,26,0,4.6
2026,2,Jahmyr Gibbs,DET,BUF,RB,0,0,0,0,0,16,52,0,8,6,61,1,23.3
2026,2,Jameson Williams,DET,BUF,WR,0,0,0,0,0,0,0,0,4,2,33,0,5.3
2026,2,Jared Goff,DET,BUF,QB,38,26,327,4,0,3,7,0,0,0,0,0,29.78
2026,2,Sam LaPorta,DET,BUF,TE,0,0,0,0,0,0,0,0,7,6,52,1,17.2
2026,2,Sione Vaki,DET,BUF,RB,0,0,0,0,0,1,7,0,1,1,13,0,3.0
2026,2,Bo Melton,GNB,NYJ,WR,0,0,0,0,0,0,0,0,1,0,0,0,0.0
2026,2,Chris Brooks,GNB,NYJ,RB,0,0,0,0,0,4,11,0,2,1,15,0,3.6
2026,2,Christian Watson,GNB,NYJ,WR,0,0,0,0,0,0,0,0,11,4,41,1,14.1
2026,2,Jayden Reed,GNB,NYJ,WR,0,0,0,0,0,0,0,0,1,1,4,0,1.4
2026,2,Jordan Love,GNB,NYJ,QB,29,16,145,2,0,0,0,0,0,0,0,0,13.8
2026,2,Kaleb Johnson,GNB,NYJ,RB,0,0,0,0,0,8,32,0,0,0,0,0,3.2
2026,2,MarShawn Lloyd,GNB,NYJ,RB,0,0,0,0,0,6,20,0,2,2,6,1,8.6
2026,2,Matthew Golden,GNB,NYJ,WR,0,0,0,0,0,0,0,0,6,4,58,0,9.8
2026,2,Skyy Moore,GNB,NYJ,WR,0,0,0,0,0,0,0,0,3,2,6,0,2.6
2026,2,Tucker Kraft,GNB,NYJ,TE,0,0,0,0,0,0,0,0,3,2,15,0,3.5
2026,2,C.J. Stroud,HOU,CIN,QB,55,30,353,0,0,3,29,0,0,0,0,0,17.02
2026,2,Dalton Schultz,HOU,CIN,TE,0,0,0,0,0,0,0,0,14,12,140,0,26.0
2026,2,David Montgomery,HOU,CIN,RB,0,0,0,0,0,6,10,0,2,2,14,0,4.4
2026,2,Foster Moreau,HOU,CIN,TE,0,0,0,0,0,0,0,0,2,2,34,0,5.4
2026,2,Jared Wayne,HOU,CIN,WR,0,0,0,0,0,0,0,0,7,2,33,0,5.3
2026,2,Jaylin Noel,HOU,CIN,WR,0,0,0,0,0,1,13,0,5,1,31,0,5.4
2026,2,Kayshon Boutte,HOU,CIN,WR,0,0,0,0,0,0,0,0,5,3,37,0,6.7
2026,2,Woody Marks,HOU,CIN,RB,0,0,0,0,0,8,8,0,6,5,27,0,8.5
2026,2,Xavier Hutchinson,HOU,CIN,WR,0,0,0,0,0,0,0,0,9,3,37,0,6.7
2026,2,Alec Pierce,IND,KAN,WR,0,0,0,0,0,0,0,0,1,1,11,0,2.1
2026,2,Andrew Ogletree,IND,KAN,TE,0,0,0,0,0,0,0,0,1,0,0,0,0.0
2026,2,Daniel Jones,IND,KAN,QB,31,22,210,1,1,3,10,0,0,0,0,0,11.4
2026,2,Deion Burks,IND,KAN,WR,0,0,0,0,0,2,14,0,0,0,0,0,1.4
2026,2,Jonathan Taylor,IND,KAN,RB,0,0,0,0,0,24,92,2,4,4,40,0,29.2
2026,2,Josh Downs,IND,KAN,WR,0,0,0,0,0,0,0,0,9,7,72,0,14.2
2026,2,Keenan Allen,IND,KAN,WR,0,0,0,0,0,0,0,0,5,1,5,0,1.5
2026,2,Laquon Treadwell,IND,KAN,WR,0,0,0,0,0,0,0,0,3,3,61,0,9.1
2026,2,Seth McGowan,IND,KAN,RB,0,0,0,0,0,2,0,0,0,0,0,0,0.0
2026,2,Tyler Warren,IND,KAN,TE,0,0,0,0,0,1,3,0,7,6,21,1,14.4
2026,2,Ameer Abdullah,JAX,DEN,RB,0,0,0,0,0,3,11,0,1,1,2,0,2.3
2026,2,Bhayshul Tuten,JAX,DEN,RB,0,0,0,0,0,13,65,1,2,2,-3,0,14.2
2026,2,Brenton Strange,JAX,DEN,TE,0,0,0,0,0,0,0,0,2,2,17,0,3.7
2026,2,Brian Thomas Jr.,JAX,DEN,WR,0,0,0,0,0,0,0,0,8,3,40,0,7.0
2026,2,Chris Rodriguez Jr.,JAX,DEN,RB,0,0,0,0,0,6,13,0,0,0,0,0,1.3
2026,2,Jakobi Meyers,JAX,DEN,WR,0,0,0,0,0,0,0,0,1,1,28,0,3.8
2026,2,LeQuint Allen Jr.,JAX,DEN,RB,0,0,0,0,0,0,0,0,1,0,0,0,0.0
2026,2,Parker Washington,JAX,DEN,WR,0,0,0,0,0,0,0,0,12,7,98,0,16.8
2026,2,Quintin Morris,JAX,DEN,TE,0,0,0,0,0,0,0,0,1,1,7,0,1.7
2026,2,Trevor Lawrence,JAX,DEN,QB,29,17,189,0,1,2,6,0,0,0,0,0,6.16
2026,2,Emmett Johnson,KAN,IND,RB,0,0,0,0,0,2,15,0,2,2,20,0,5.5
2026,2,Jalen Royals,KAN,IND,WR,0,0,0,0,0,0,0,0,2,2,6,1,8.6
2026,2,Kenneth Walker III,KAN,IND,RB,0,0,0,0,0,24,117,0,10,6,61,0,23.8
2026,2,Noah Gray,KAN,IND,TE,0,0,0,0,0,0,0,0,1,0,0,0,0.0
2026,2,Patrick Mahomes,KAN,IND,QB,47,32,382,3,0,2,17,0,0,0,0,0,28.98
2026,2,Rashee Rice,KAN,IND,WR,0,0,0,0,0,0,0,0,6,4,83,0,12.3
2026,2,Travis Kelce,KAN,IND,TE,0,0,0,0,0,0,0,0,11,9,101,1,25.1
2026,2,Tyquan Thornton,KAN,IND,WR,0,0,0,0,0,0,0,0,4,4,86,0,12.6
2026,2,Xavier Worthy,KAN,IND,WR,0,0,0,0,0,0,0,0,7,5,25,1,13.5
2026,2,Brenen Thompson,LAC,LVR,WR,0,0,0,0,0,0,0,0,3,1,13,0,2.3
2026,2,Charlie Kolar,LAC,LVR,TE,0,0,0,0,0,0,0,0,3,3,21,0,5.1
2026,2,David Njoku,LAC,LVR,TE,0,0,0,0,0,0,0,0,3,1,9,0,1.9
2026,2,Derius Davis,LAC,LVR,WR,0,0,0,0,0,0,0,0,1,0,0,0,0.0
2026,2,Justin Herbert,LAC,LVR,QB,27,15,192,1,2,3,2,0,0,0,0,0,7.88
2026,2,Keaton Mitchell,LAC,LVR,RB,0,0,0,0,0,5,24,0,1,1,15,0,4.9
2026,2,Ladd McConkey,LAC,LVR,WR,0,0,0,0,0,0,0,0,3,3,35,0,6.5
2026,2,Omarion Hampton,LAC,LVR,RB,0,0,0,0,0,23,94,1,2,2,21,0,17.5
2026,2,Oronde Gadsden II,LAC,LVR,TE,0,0,0,0,0,0,0,0,2,2,18,1,9.8
2026,2,Quentin Johnston,LAC,LVR,WR,0,0,0,0,0,1,7,0,5,1,7,0,2.4
2026,2,Tre Harris,LAC,LVR,WR,0,0,0,0,0,0,0,0,3,1,53,0,6.3
2026,2,Blake Corum,LAR,NYG,RB,0,0,0,0,0,12,79,0,1,1,13,0,10.2
2026,2,Colby Parkinson,LAR,NYG,TE,0,0,0,0,0,0,0,0,2,2,15,0,3.5
2026,2,Davante Adams,LAR,NYG,WR,0,0,0,0,0,0,0,0,10,8,195,2,39.5
2026,2,Davis Allen,LAR,NYG,TE,0,0,0,0,0,0,0,0,1,1,7,0,1.7
2026,2,Konata Mumpfield,LAR,NYG,WR,0,0,0,0,0,0,0,0,2,1,12,0,2.2
2026,2,Kyren Williams,LAR,NYG,RB,0,0,0,0,0,12,85,0,2,2,12,1,15.7
2026,2,Matthew Stafford,LAR,NYG,QB,31,22,327,4,1,4,-1,0,0,0,0,0,26.98
2026,2,Terrance Ferguson,LAR,NYG,TE,0,0,0,0,0,0,0,0,9,6,54,1,17.4
2026,2,Tutu Atwell,LAR,NYG,WR,0,0,0,0,0,0,0,0,2,1,19,0,2.9
2026,2,Xavier Smith,LAR,NYG,WR,0,0,0,0,0,0,0,0,1,0,0,0,0.0
2026,2,Ashton Jeanty,LVR,LAC,RB,0,0,0,0,0,21,48,0,7,4,15,0,10.3
2026,2,Cody White,LVR,LAC,WR,0,0,0,0,0,0,0,0,2,2,24,2,16.4
2026,2,Connor Heyward,LVR,LAC,RB,0,0,0,0,0,1,1,0,0,0,0,0,0.1
2026,2,Dareke Young,LVR,LAC,WR,0,0,0,0,0,0,0,0,1,1,27,0,3.7
2026,2,Ian Thomas,LVR,LAC,TE,0,0,0,0,0,0,0,0,1,1,11,0,2.1
2026,2,Jack Bech,LVR,LAC,WR,0,0,0,0,0,0,0,0,2,2,25,0,4.5
2026,2,Jalen Nailor,LVR,LAC,WR,0,0,0,0,0,0,0,0,3,1,9,0,1.9
2026,2,Kirk Cousins,LVR,LAC,QB,29,19,253,3,1,4,1,0,0,0,0,0,20.22
2026,2,Malik Benson,LVR,LAC,WR,0,0,0,0,0,0,0,0,1,0,0,0,0.0
2026,2,Michael Mayer,LVR,LAC,TE,0,0,0,0,0,0,0,0,4,3,23,0,5.3
2026,2,Mike Washington Jr.,LVR,LAC,RB,0,0,0,0,0,3,7,0,1,0,0,0,0.7
2026,2,Tre Tucker,LVR,LAC,WR,0,0,0,0,0,0,0,0,7,5,119,1,22.9
2026,2,Caleb Douglas,MIA,SFO,WR,0,0,0,0,0,0,0,0,3,2,19,0,3.9
2026,2,Chris Bell,MIA,SFO,WR,0,0,0,0,0,0,0,0,1,0,0,0,0.0
2026,2,DJ Herman,MIA,SFO,RB,0,0,0,0,0,0,0,0,3,1,18,0,2.8
2026,2,De'Von Achane,MIA,SFO,RB,0,0,0,0,0,20,74,0,6,3,19,0,12.3
2026,2,Greg Dulcich,MIA,SFO,TE,0,0,0,0,0,0,0,0,3,2,17,0,3.7
2026,2,Jaylen Wright,MIA,SFO,RB,0,0,0,0,0,2,11,0,0,0,0,0,1.1
2026,2,Malik Washington,MIA,SFO,WR,0,0,0,0,0,1,4,0,5,4,43,0,8.7
2026,2,Malik Willis,MIA,SFO,QB,23,14,197,1,0,2,6,0,0,0,0,0,12.48
2026,2,Ollie Gordon II,MIA,SFO,RB,0,0,0,0,0,3,7,0,0,0,0,0,0.7
2026,2,Ryan Miller,MIA,SFO,WR,0,0,0,0,0,0,0,0,1,1,77,1,14.7
2026,2,Will Kacmarek,MIA,SFO,TE,0,0,0,0,0,0,0,0,1,1,4,0,1.4
2026,2,Aaron Jones,MIN,CHI,RB,0,0,0,0,0,23,105,0,0,0,0,0,10.5
2026,2,Carson Wentz,MIN,CHI,QB,20,11,143,0,0,3,6,0,0,0,0,0,6.32
2026,2,DeeJay Dallas,MIN,CHI,RB,0,0,0,0,0,2,8,0,1,1,12,0,3.0
2026,2,Demond Claiborne,MIN,CHI,RB,0,0,0,0,0,0,0,0,1,1,2,0,1.2
2026,2,Jordan Addison,MIN,CHI,WR,0,0,0,0,0,0,0,0,5,2,21,0,4.1
2026,2,Josh Oliver,MIN,CHI,TE,0,0,0,0,0,0,0,0,1,1,24,0,3.4
2026,2,Justin Jefferson,MIN,CHI,WR,0,0,0,0,0,0,0,0,6,3,55,0,8.5
2026,2,Myles Price,MIN,CHI,WR,0,0,0,0,0,0,0,0,1,0,0,0,0.0
2026,2,T.J. Hockenson,MIN,CHI,TE,0,0,0,0,0,0,0,0,4,3,29,0,5.9
2026,2,Alvin Kamara,NOR,BAL,RB,0,0,0,0,0,9,15,0,6,5,7,0,7.2
2026,2,Bryce Lance,NOR,BAL,WR,0,0,0,0,0,0,0,0,1,1,8,0,1.8
2026,2,CJ Donaldson,NOR,BAL,RB,0,0,0,0,0,1,2,0,0,0,0,0,0.2
2026,2,Chris Olave,NOR,BAL,WR,0,0,0,0,0,0,0,0,10,8,86,1,22.6
2026,2,Devaughn Vele,NOR,BAL,WR,0,0,0,0,0,0,0,0,7,5,64,0,11.4
2026,2,Juwan Johnson,NOR,BAL,TE,0,0,0,0,0,0,0,0,4,4,66,0,10.6
2026,2,Kevin Austin Jr.,NOR,BAL,WR,0,0,0,0,0,0,0,0,1,1,7,0,1.7
2026,2,Oscar Delp,NOR,BAL,TE,0,0,0,0,0,0,0,0,1,1,8,0,1.8
2026,2,Travis Etienne,NOR,BAL,RB,0,0,0,0,0,8,25,0,2,2,6,0,7.1
2026,2,Tyler Shough,NOR,BAL,QB,34,27,252,1,0,9,23,1,0,0,0,0,22.38
2026,2,Corey Kiner,NWE,PIT,RB,0,0,0,0,0,2,0,0,0,0,0,0,0.0
2026,2,DeMario Douglas,NWE,PIT,WR,0,0,0,0,0,0,0,0,2,1,9,0,1.9
2026,2,Drake Maye,NWE,PIT,QB,22,14,208,0,1,4,17,0,0,0,0,0,8.02
2026,2,Efton Chism III,NWE,PIT,WR,0,0,0,0,0,0,0,0,1,1,-2,0,0.8
2026,2,Eli Raridon,NWE,PIT,TE,0,0,0,0,0,0,0,0,1,1,30,0,4.0
2026,2,Hunter Henry,NWE,PIT,TE,0,0,0,0,0,0,0,0,5,3,40,0,7.0
2026,2,Kyle Williams,NWE,PIT,WR,0,0,0,0,0,0,0,0,2,1,10,0,2.0
2026,2,Mack Hollins,NWE,PIT,WR,0,0,0,0,0,0,0,0,2,2,18,0,3.8
2026,2,Reggie Gilliam,NWE,PIT,RB,0,0,0,0,0,0,0,0,2,1,4,0,1.4
2026,2,Rhamondre Stevenson,NWE,PIT,RB,0,0,0,0,0,6,43,0,2,1,3,0,3.6
2026,2,Romeo Doubs,NWE,PIT,WR,0,0,0,0,0,0,0,0,4,3,96,0,12.6
2026,2,TreVeyon Henderson,NWE,PIT,RB,0,0,0,0,0,16,76,1,0,0,0,0,13.6
2026,2,Cam Skattebo,NYG,LAR,RB,0,0,0,0,0,12,36,0,4,4,19,0,9.5
2026,2,Darnell Mooney,NYG,LAR,WR,0,0,0,0,0,0,0,0,3,2,48,0,6.8
2026,2,Devin Singletary,NYG,LAR,RB,0,0,0,0,0,3,9,0,1,0,0,0,0.9
2026,2,Isaiah Likely,NYG,LAR,TE,0,0,0,0,0,0,0,0,10,5,33,0,8.3
2026,2,Jameis Winston,NYG,LAR,QB,27,11,111,0,1,2,1,0,0,0,0,0,2.54
2026,2,Jaxson Dart,NYG,LAR,QB,5,3,20,0,0,0,0,0,0,0,0,0,0.8
2026,2,Malachi Fields,NYG,LAR,WR,0,0,0,0,0,0,0,0,6,2,30,0,5.0
2026,2,Malik Nabers,NYG,LAR,WR,0,0,0,0,0,0,0,0,4,1,1,0,1.1
2026,2,Najee Harris,NYG,LAR,RB,0,0,0,0,0,4,6,0,0,0,0,0,0.6
2026,2,Theo Johnson,NYG,LAR,TE,0,0,0,0,0,0,0,0,4,0,0,0,0.0
2026,2,Adonai Mitchell,NYJ,GNB,WR,0,0,0,0,0,0,0,0,12,6,63,0,12.3
2026,2,Braelon Allen,NYJ,GNB,RB,0,0,0,0,0,5,7,1,1,1,8,0,8.5
2026,2,Breece Hall,NYJ,GNB,RB,0,0,0,0,0,16,29,0,5,5,63,0,14.2
2026,2,Garrett Wilson,NYJ,GNB,WR,0,0,0,0,0,0,0,0,7,5,57,1,16.7
2026,2,Geno Smith,NYJ,GNB,QB,41,27,247,1,0,5,17,0,0,0,0,0,15.58
2026,2,Isaiah Williams,NYJ,GNB,WR,0,0,0,0,0,1,14,0,6,6,34,0,10.8
2026,2,Jeremy Ruckert,NYJ,GNB,TE,0,0,0,0,0,0,0,0,2,2,5,0,2.5
2026,2,Kenyon Sadiq,NYJ,GNB,TE,0,0,0,0,0,0,0,0,3,2,17,0,3.7
2026,2,Dallas Goedert,PHI,TEN,TE,0,0,0,0,0,0,0,0,2,1,4,0,1.4
2026,2,Darius Cooper,PHI,TEN,WR,0,0,0,0,0,0,0,0,3,2,26,1,10.6
2026,2,DeVonta Smith,PHI,TEN,WR,0,0,0,0,0,0,0,0,13,10,117,1,27.7
2026,2,Dontayvion Wicks,PHI,TEN,WR,0,0,0,0,0,0,0,0,6,5,74,0,12.4
2026,2,Jalen Hurts,PHI,TEN,QB,37,26,264,2,2,5,16,0,0,0,0,0,16.16
2026,2,Johnny Mundt,PHI,TEN,TE,0,0,0,0,0,0,0,0,3,2,8,0,2.8
2026,2,Makai Lemon,PHI,TEN,WR,0,0,0,0,0,1,-5,0,1,1,14,0,1.9
2026,2,Marquise Brown,PHI,TEN,WR,0,0,0,0,0,2,12,0,0,0,0,0,1.2
2026,2,Saquon Barkley,PHI,TEN,RB,0,0,0,0,0,4,9,0,2,1,11,0,3.0
2026,2,Tank Bigsby,PHI,TEN,RB,0,0,0,0,0,13,33,1,2,2,5,0,11.8
2026,2,Will Shipley,PHI,TEN,RB,0,0,0,0,0,7,24,0,2,2,5,0,4.9
2026,2,Aaron Rodgers,PIT,NWE,QB,39,23,187,0,1,1,5,0,0,0,0,0,3.98
2026,2,Ben Skowronek,PIT,NWE,WR,0,0,0,0,0,0,0,0,1,1,2,0,1.2
2026,2,DK Metcalf,PIT,NWE,WR,0,0,0,0,0,0,0,0,9,4,27,0,6.7
2026,2,Darnell Washington,PIT,NWE,TE,0,0,0,0,0,0,0,0,2,1,7,0,1.7
2026,2,Germie Bernard,PIT,NWE,WR,0,0,0,0,0,0,0,0,8,4,35,0,7.5
2026,2,Jaylen Warren,PIT,NWE,RB,0,0,0,0,0,11,43,0,4,2,34,0,9.7
2026,2,Mason Rudolph,PIT,NWE,QB,1,0,0,0,0,1,3,0,0,0,0,0,0.3
2026,2,Pat Freiermuth,PIT,NWE,TE,0,0,0,0,0,1,2,0,5,4,32,0,7.4
2026,2,Rico Dowdle,PIT,NWE,RB,0,0,0,0,0,7,22,0,2,2,22,0,6.4
2026,2,Roman Wilson,PIT,NWE,WR,0,0,0,0,0,0,0,0,6,5,28,0,7.8
2026,2,Travis Homer,PIT,NWE,RB,0,0,0,0,0,2,16,0,0,0,0,0,1.6
2026,2,AJ Barner,SEA,ARI,TE,0,0,0,0,0,1,1,1,1,1,8,0,7.9
2026,2,Cooper Kupp,SEA,ARI,WR,0,0,0,0,0,0,0,0,2,2,20,0,4.0
2026,2,Drew Lock,SEA,ARI,QB,26,19,235,3,0,0,0,0,0,0,0,0,21.4
2026,2,Elijah Arroyo,SEA,ARI,TE,0,0,0,0,0,0,0,0,1,1,17,0,2.7
2026,2,Emanuel Wilson,SEA,ARI,RB,0,0,0,0,0,21,92,0,1,0,0,0,9.2
2026,2,Eric Saubert,SEA,ARI,TE,0,0,0,0,0,0,0,0,1,1,-10,0,0.0
2026,2,George Holani,SEA,ARI,RB,0,0,0,0,0,4,13,0,1,1,2,0,2.5
2026,2,Jadarian Price,SEA,ARI,RB,0,0,0,0,0,13,52,0,2,1,8,0,5.0
2026,2,Jaxon Smith-Njigba,SEA,ARI,WR,0,0,0,0,0,0,0,0,11,9,155,3,42.5
2026,2,Rashid Shaheed,SEA,ARI,WR,0,0,0,0,0,1,4,0,6,3,35,0,6.9
2026,2,Brock Purdy,SFO,MIA,QB,22,20,287,2,0,3,30,1,0,0,0,0,28.48
2026,2,Christian McCaffrey,SFO,MIA,RB,0,0,0,0,0,10,23,2,4,4,43,0,22.6
2026,2,Deebo Samuel Sr.,SFO,MIA,WR,0,0,0,0,0,1,4,0,4,3,31,0,6.5
2026,2,Demarcus Robinson,SFO,MIA,WR,0,0,0,0,0,0,0,0,3,3,34,0,6.4
2026,2,George Kittle,SFO,MIA,TE,0,0,0,0,0,0,0,0,4,4,80,1,18.0
2026,2,Jordan James,SFO,MIA,RB,0,0,0,0,0,4,15,0,0,0,0,0,1.5
2026,2,Kaelon Black,SFO,MIA,RB,0,0,0,0,0,7,25,0,0,0,0,0,2.5
2026,2,KhaDarel Hodge,SFO,MIA,WR,0,0,0,0,0,0,0,0,1,1,18,0,2.8
2026,2,Kyle Juszczyk,SFO,MIA,RB,0,0,0,0,0,0,0,0,2,2,27,1,10.7
2026,2,Mac Jones,SFO,MIA,QB,0,0,0,0,0,2,-2,0,0,0,0,0,-0.2
2026,2,Mike Evans,SFO,MIA,WR,0,0,0,0,0,0,0,0,3,3,54,0,8.4
2026,2,Baker Mayfield,TAM,CLE,QB,34,21,182,1,1,4,29,0,0,0,0,0,12.18
2026,2,Bucky Irving,TAM,CLE,RB,0,0,0,0,0,17,89,0,4,4,1,0,13.0
2026,2,Cade Otton,TAM,CLE,TE,0,0,0,0,0,0,0,0,6,5,38,0,8.8
2026,2,Chris Godwin Jr.,TAM,CLE,WR,0,0,0,0,0,1,12,0,3,3,46,0,8.8
2026,2,Emeka Egbuka,TAM,CLE,WR,0,0,0,0,0,1,-3,0,5,3,16,1,10.3
2026,2,Kenny Gainwell,TAM,CLE,RB,0,0,0,0,0,2,10,0,4,3,5,0,4.5
2026,2,Ted Hurst III,TAM,CLE,WR,0,0,0,0,0,0,0,0,7,2,27,0,4.7
2026,2,Tez Johnson,TAM,CLE,WR,0,0,0,0,0,0,0,0,4,1,49,0,5.9
2026,2,Calvin Ridley,TEN,PHI,WR,0,0,0,0,0,0,0,0,2,2,35,0,5.5
2026,2,Cam Ward,TEN,PHI,QB,20,13,183,0,0,4,7,2,0,0,0,0,20.02
2026,2,Carnell Tate,TEN,PHI,WR,0,0,0,0,0,0,0,0,5,3,27,0,5.7
2026,2,Daniel Bellinger,TEN,PHI,TE,0,0,0,0,0,0,0,0,1,0,0,0,0.0
2026,2,Elic Ayomanor,TEN,PHI,WR,0,0,0,0,0,0,0,0,3,2,69,0,8.9
2026,2,Gunnar Helm,TEN,PHI,TE,0,0,0,0,0,0,0,0,2,2,13,0,3.3
2026,2,Nicholas Singleton,TEN,PHI,RB,0,0,0,0,0,4,10,0,0,0,0,0,1.0
2026,2,Tony Pollard,TEN,PHI,RB,0,0,0,0,0,14,64,0,1,1,1,0,7.5
2026,2,Tyjae Spears,TEN,PHI,RB,0,0,0,0,0,7,41,0,2,2,29,0,9.0
2026,2,Wan'Dale Robinson,TEN,PHI,WR,0,0,0,0,0,0,0,0,1,1,9,0,1.9
2026,2,Antonio Williams,WAS,DAL,WR,1,0,0,0,0,0,0,0,3,3,24,0,5.4
2026,2,Ben Sinnott,WAS,DAL,TE,0,0,0,0,0,0,0,0,1,1,6,0,1.6
2026,2,Colson Yankoff,WAS,DAL,TE,0,0,0,0,0,0,0,0,1,1,14,0,2.4
2026,2,Dyami Brown,WAS,DAL,WR,1,1,0,0,0,0,0,0,6,4,21,0,4.1
2026,2,Jacory Croskey-Merritt,WAS,DAL,RB,0,0,0,0,0,12,43,0,1,1,5,0,5.8
2026,2,Jayden Daniels,WAS,DAL,QB,17,11,96,1,0,7,69,0,0,0,0,0,14.74
2026,2,Kaytron Allen,WAS,DAL,RB,0,0,0,0,0,5,24,0,0,0,0,0,2.4
2026,2,Marcus Mariota,WAS,DAL,QB,16,11,111,1,0,1,3,0,0,0,0,0,8.74
2026,2,Rachaad White,WAS,DAL,RB,0,0,0,0,0,7,43,0,6,6,40,0,14.3
2026,2,Stefon Diggs,WAS,DAL,WR,0,0,0,0,0,0,0,0,6,5,47,2,21.7
2026,2,Terry McLaurin,WAS,DAL,WR,0,0,0,0,0,0,0,0,9,2,50,0,7.0
2026,2,Treylon Burks,WAS,DAL,WR,0,0,0,0,0,0,0,0,1,0,0,0,0.0
2026,3,Elijah Higgins,ARI,SFO,TE,0,0,0,0,0,0,0,0,3,3,20,0,5.0
2026,3,Hunter Long,ARI,SFO,TE,0,0,0,0,0,0,0,0,1,1,5,0,1.5
2026,3,Jacoby Brissett,ARI,SFO,QB,52,38,280,2,0,4,4,1,0,0,0,0,25.6
2026,3,Jalen Brooks,ARI,SFO,WR,0,0,0,0,0,0,0,0,1,0,0,0,0.0
2026,3,Jeremiyah Love,ARI,SFO,RB,0,0,0,0,0,21,90,0,5,5,19,1,21.9
2026,3,Kendrick Bourne,ARI,SFO,WR,0,0,0,0,0,0,0,0,3,2,22,0,4.2
2026,3,Marvin Harrison Jr.,ARI,SFO,WR,0,0,0,0,0,0,0,0,5,3,40,0,7.0
2026,3,Michael Wilson,ARI,SFO,WR,0,0,0,0,0,0,0,0,17,11,89,1,25.9
2026,3,Trey McBride,ARI,SFO,TE,0,0,0,0,0,0,0,0,11,9,75,0,16.5
2026,3,Tyler Allgeier,ARI,SFO,RB,0,0,0,0,0,2,-1,0,4,4,10,0,4.9
2026,3,Austin Hooper,ATL,GNB,TE,0,0,0,0,0,0,0,0,2,2,11,1,9.1
2026,3,Bijan Robinson,ATL,GNB,RB,0,0,0,0,0,29,194,2,2,2,19,0,35.3
2026,3,Brian Robinson,ATL,GNB,RB,0,0,0,0,0,10,50,1,0,0,0,0,11.0
2026,3,Drake London,ATL,GNB,WR,0,0,0,0,0,0,0,0,10,9,194,0,28.4
2026,3,Jahan Dotson,ATL,GNB,WR,0,0,0,0,0,0,0,0,3,1,11,0,2.1
2026,3,Kyle Pitts,ATL,GNB,TE,0,0,0,0,0,0,0,0,2,1,5,0,1.5
2026,3,Michael Penix Jr.,ATL,GNB,QB,25,18,256,1,1,2,-2,0,0,0,0,0,14.04
2026,3,Olamide Zaccheaus,ATL,GNB,WR,0,0,0,0,0,0,0,0,2,2,9,0,2.9
2026,3,Zachariah Branch,ATL,GNB,WR,0,0,0,0,0,0,0,0,2,1,7,0,1.7
2026,3,Chris Moore,BAL,DAL,WR,0,0,0,0,0,0,0,0,1,1,4,1,7.4
2026,3,Derrick Henry,BAL,DAL,RB,0,0,0,0,0,26,89,2,1,1,0,0,21.9
2026,3,Devontez Walker,BAL,DAL,WR,0,0,0,0,0,0,0,0,1,0,0,0,0.0
2026,3,Josh Cuevas,BAL,DAL,TE,0,0,0,0,0,0,0,0,1,1,14,0,2.4
2026,3,Justice Hill,BAL,DAL,RB,0,0,0,0,0,5,33,0,0,0,0,0,3.3
2026,3,Lamar Jackson,BAL,DAL,QB,20,15,186,2,0,6,50,0,0,0,0,0,20.44
2026,3,Mark Andrews,BAL,DAL,TE,0,0,0,0,0,0,0,0,5,3,24,0,5.4
2026,3,Matthew Hibner,BAL,DAL,TE,0,0,0,0,0,0,0,0,2,2,23,1,10.3
2026,3,Rashod Bateman,BAL,DAL,WR,0,0,0,0,0,0,0,0,3,2,37,0,5.7
2026,3,Zay Flowers,BAL,DAL,WR,0,0,0,0,0,1,20,0,6,5,84,0,15.4
2026,3,DJ Moore,BUF,LAC,WR,0,0,0,0,0,0,0,0,10,6,67,0,12.7
2026,3,Dalton Kincaid,BUF,LAC,TE,0,0,0,0,0,0,0,0,3,2,38,0,3.8
2026,3,Dawson Knox,BUF,LAC,TE,0,0,0,0,0,1,0,0,1,1,5,0,1.5
2026,3,Jackson Hawes,BUF,LAC,TE,0,0,0,0,0,0,0,0,1,0,0,0,0.0
2026,3,James Cook,BUF,LAC,RB,0,0,0,0,0,24,154,1,1,0,0,0,19.4
2026,3,Josh Allen,BUF,LAC,QB,26,16,204,0,2,8,22,2,1,1,1,0,17.46
2026,3,Keon Coleman,BUF,LAC,WR,0,0,0,0,0,0,0,0,2,1,37,0,4.7
2026,3,Khalil Shakir,BUF,LAC,WR,0,0,0,0,0,0,0,0,3,1,6,0,1.6
2026,3,Ty Johnson,BUF,LAC,RB,0,0,0,0,0,0,0,0,4,4,50,0,9.0
2026,3,AJ Dillon,CAR,CLE,RB,0,0,0,0,0,4,16,0,1,1,-2,0,2.4
2026,3,Bryce Young,CAR,CLE,QB,48,26,291,1,1,0,0,0,0,0,0,0,13.64
2026,3,Brycen Tremayne,CAR,CLE,WR,0,0,0,0,0,0,0,0,6,4,83,0,12.3
2026,3,Chuba Hubbard,CAR,CLE,RB,0,0,0,0,0,19,82,0,4,4,28,0,15.0
2026,3,Darren Waller,CAR,CLE,TE,0,0,0,0,0,0,0,0,8,5,51,0,10.1
2026,3,David Moore,CAR,CLE,WR,0,0,0,0,0,0,0,0,2,0,0,0,0.0
2026,3,Jalen Coker,CAR,CLE,WR,0,0,0,0,0,0,0,0,4,2,18,0,3.8
2026,3,John Metchie III,CAR,CLE,WR,0,0,0,0,0,0,0,0,5,2,19,1,9.9
2026,3,Mitchell Evans,CAR,CLE,TE,0,0,0,0,0,0,0,0,3,3,36,0,6.6
2026,3,Tetairoa McMillan,CAR,CLE,WR,0,0,0,0,0,0,0,0,5,2,17,0,3.7
2026,3,Tommy Tremble,CAR,CLE,TE,0,0,0,0,0,0,0,0,4,3,41,0,7.1
2026,3,Case Keenum,CHI,PHI,QB,34,24,247,2,0,4,6,1,0,0,0,0,24.48
2026,3,Cole Kmet,CHI,PHI,TE,0,0,0,0,0,0,0,0,1,0,0,0,0.0
2026,3,Colston Loveland,CHI,PHI,TE,0,0,0,0,0,0,0,0,4,4,31,0,7.1
2026,3,D'Andre Swift,CHI,PHI,RB,0,0,0,0,0,20,84,0,3,2,4,0,10.8
2026,3,Kalif Raymond,CHI,PHI,WR,0,0,0,0,0,0,0,0,7,6,90,1,21.0
2026,3,Kyle Monangai,CHI,PHI,RB,0,0,0,0,0,10,31,0,0,0,0,0,3.1
2026,3,Luther Burden III,CHI,PHI,WR,0,0,0,0,0,1,7,0,11,7,61,1,19.8
2026,3,Rome Odunze,CHI,PHI,WR,0,0,0,0,0,0,0,0,6,3,44,0,7.4
2026,3,Sam Roush,CHI,PHI,TE,0,0,0,0,0,0,0,0,1,1,16,0,2.6
2026,3,Zavion Thomas,CHI,PHI,WR,0,0,0,0,0,0,0,0,1,1,1,0,1.1
2026,3,Chase Brown,CIN,PIT,RB,0,0,0,0,0,13,61,0,2,2,8,0,8.9
2026,3,Colbie Young,CIN,PIT,WR,0,0,0,0,0,0,0,0,1,1,2,0,1.2
2026,3,Dohnte Meyers,CIN,PIT,WR,0,0,0,0,0,0,0,0,5,3,29,0,5.9
2026,3,Drew Sample,CIN,PIT,TE,0,0,0,0,0,0,0,0,2,1,0,0,1.0
2026,3,Ja'Marr Chase,CIN,PIT,WR,0,0,0,0,0,0,0,0,12,9,98,1,24.8
2026,3,Joe Burrow,CIN,PIT,QB,37,28,282,3,0,2,13,0,0,0,0,0,22.58
2026,3,Mike Gesicki,CIN,PIT,TE,0,0,0,0,0,0,0,0,3,3,37,1,12.7
2026,3,Samaje Perine,CIN,PIT,RB,0,0,0,0,0,3,9,0,3,1,5,0,2.4
2026,3,Tanner Hudson,CIN,PIT,TE,0,0,0,0,0,0,0,0,2,2,13,0,3.3
2026,3,Tee Higgins,CIN,PIT,WR,0,0,0,0,0,0,0,0,7,6,90,1,21.0
2026,3,Denzel Boston,CLE,CAR,WR,0,0,0,0,0,0,0,0,4,2,41,0,8.1
2026,3,Deshaun Watson,CLE,CAR,QB,30,16,144,2,0,11,45,0,0,0,0,0,20.26
2026,3,Harold Fannin Jr.,CLE,CAR,TE,0,0,0,0,0,0,0,0,9,7,51,2,24.1
2026,3,KC Concepcion,CLE,CAR,WR,0,0,0,0,0,0,0,0,9,2,9,0,2.9
2026,3,Michael Burton,CLE,CAR,RB,0,0,0,0,0,0,0,0,1,0,0,0,0.0
2026,3,Quinshon Judkins,CLE,CAR,RB,0,0,0,0,0,18,70,0,2,2,9,0,9.9
2026,3,Raheim Sanders,CLE,CAR,RB,0,0,0,0,0,1,17,0,5,4,34,0,9.1
2026,3,Brevyn Spann-Ford,DAL,BAL,TE,0,0,0,0,0,0,0,0,1,1,19,0,2.9
2026,3,CeeDee Lamb,DAL,BAL,WR,0,0,0,0,0,0,0,0,8,7,112,0,20.2
2026,3,Dak Prescott,DAL,BAL,QB,40,25,276,1,0,4,19,0,0,0,0,0,18.94
2026,3,George Pickens,DAL,BAL,WR,0,0,0,0,0,0,0,0,11,7,82,0,15.2
2026,3,Jake Ferguson,DAL,BAL,TE,0,0,0,0,0,0,0,0,5,3,23,1,9.3
2026,3,Javonte Williams,DAL,BAL,RB,0,0,0,0,0,19,98,1,3,2,5,0,18.3
2026,3,KaVontae Turpin,DAL,BAL,WR,0,0,0,0,0,1,9,1,2,1,9,0,8.8
2026,3,Luke Schoonmaker,DAL,BAL,TE,0,0,0,0,0,0,0,0,1,1,9,0,1.9
2026,3,Ryan Flournoy,DAL,BAL,WR,0,0,0,0,0,0,0,0,8,2,22,0,4.2
2026,3,Tyler Goodson,DAL,BAL,RB,0,0,0,0,0,6,22,0,1,1,-5,0,2.7
2026,3,Bo Nix,DEN,LAR,QB,34,17,186,2,1,4,7,1,0,0,0,0,24.14
2026,3,Courtland Sutton,DEN,LAR,WR,0,0,0,0,0,0,0,0,7,3,46,0,7.6
2026,3,Evan Engram,DEN,LAR,TE,0,0,0,0,0,0,0,0,2,0,0,0,0.0
2026,3,J.K. Dobbins,DEN,LAR,RB,0,0,0,0,0,17,49,0,2,1,4,0,6.3
2026,3,Jaylen Waddle,DEN,LAR,WR,0,0,0,0,0,1,14,0,7,2,10,0,6.4
2026,3,Nate Adkins,DEN,LAR,TE,0,0,0,0,0,0,0,0,2,1,8,1,7.8
2026,3,Pat Bryant,DEN,LAR,WR,0,0,0,0,0,0,0,0,2,2,44,1,14.4
2026,3,RJ Harvey,DEN,LAR,RB,0,0,0,0,0,2,6,0,7,6,41,0,10.7
2026,3,Troy Franklin,DEN,LAR,WR,0,0,0,0,0,0,0,0,1,1,21,0,3.1
2026,3,Tyler Badie,DEN,LAR,RB,0,0,0,0,0,1,2,0,1,1,12,0,2.4
2026,3,Amon-Ra St. Brown,DET,NYJ,WR,0,0,0,0,0,0,0,0,8,4,19,1,11.9
2026,3,Brock Wright,DET,NYJ,TE,0,0,0,0,0,0,0,0,2,2,7,0,2.7
2026,3,Isaac TeSlaa,DET,NYJ,WR,0,0,0,0,0,0,0,0,3,3,66,0,9.6
2026,3,Jackson Meeks,DET,NYJ,WR,0,0,0,0,0,0,0,0,1,1,8,0,1.8
2026,3,Jahmyr Gibbs,DET,NYJ,RB,0,0,0,0,0,20,99,2,8,7,65,1,41.4
2026,3,Jameson Williams,DET,NYJ,WR,0,0,0,0,0,0,0,0,4,4,49,0,8.9
2026,3,Jared Goff,DET,NYJ,QB,32,25,269,2,0,4,6,0,0,0,0,0,19.36
2026,3,Sam LaPorta,DET,NYJ,TE,0,0,0,0,0,0,0,0,4,3,44,0,7.4
2026,3,Sione Vaki,DET,NYJ,RB,0,0,0,0,0,6,26,0,1,1,11,0,4.7
2026,3,Bo Melton,GNB,ATL,WR,0,0,0,0,0,0,0,0,1,0,0,0,0.0
2026,3,Chris Brooks,GNB,ATL,RB,0,0,0,0,0,0,0,0,1,1,4,0,1.4
2026,3,Christian Watson,GNB,ATL,WR,0,0,0,0,0,0,0,0,10,7,96,1,22.6
2026,3,J. Michael Sturdivant,GNB,ATL,WR,0,0,0,0,0,0,0,0,3,3,22,0,5.2
2026,3,Jonnu Smith,GNB,ATL,TE,0,0,0,0,0,0,0,0,3,2,16,0,3.6
2026,3,Jordan Love,GNB,ATL,QB,53,28,312,2,1,1,0,0,0,0,0,0,18.48
2026,3,Kaleb Johnson,GNB,ATL,RB,0,0,0,0,0,4,6,0,3,1,10,0,2.6
2026,3,MarShawn Lloyd,GNB,ATL,RB,0,0,0,0,0,4,11,0,3,2,7,0,3.8
2026,3,Matthew Golden,GNB,ATL,WR,0,0,0,0,0,0,0,0,12,5,100,1,21.0
2026,3,Skyy Moore,GNB,ATL,WR,0,0,0,0,0,0,0,0,7,3,31,0,6.1
2026,3,Tucker Kraft,GNB,ATL,TE,0,0,0,0,0,0,0,0,8,4,26,0,6.6
2026,3,C.J. Stroud,HOU,IND,QB,27,16,167,1,0,2,10,0,0,0,0,0,11.68
2026,3,Dalton Schultz,HOU,IND,TE,0,0,0,0,0,0,0,0,3,3,30,0,6.0
2026,3,David Montgomery,HOU,IND,RB,0,0,0,0,0,11,33,0,2,2,15,0,6.8
2026,3,Foster Moreau,HOU,IND,TE,0,0,0,0,0,0,0,0,4,2,7,1,8.7
2026,3,Jared Wayne,HOU,IND,WR,0,0,0,0,0,0,0,0,4,1,20,0,3.0
2026,3,Jaylin Noel,HOU,IND,WR,0,0,0,0,0,1,8,0,2,2,17,0,4.5
2026,3,Kayshon Boutte,HOU,IND,WR,0,0,0,0,0,0,0,0,2,2,21,0,4.1
2026,3,Lewis Bond,HOU,IND,WR,0,0,0,0,0,0,0,0,1,0,0,0,0.0
2026,3,Woody Marks,HOU,IND,RB,0,0,0,0,0,5,15,1,1,1,6,0,9.1
2026,3,Xavier Hutchinson,HOU,IND,WR,0,0,0,0,0,2,4,0,6,3,51,0,8.5
2026,3,Daniel Jones,IND,HOU,QB,36,24,235,1,1,3,5,0,0,0,0,0,7.9
2026,3,Jonathan Taylor,IND,HOU,RB,0,0,0,0,0,23,68,0,3,2,4,0,9.2
2026,3,Josh Downs,IND,HOU,WR,0,0,0,0,0,0,0,0,11,5,77,0,12.7
2026,3,Keenan Allen,IND,HOU,WR,0,0,0,0,0,0,0,0,9,6,63,1,18.3
2026,3,Laquon Treadwell,IND,HOU,WR,0,0,0,0,0,0,0,0,1,1,20,0,3.0
2026,3,Mo Alie-Cox,IND,HOU,TE,0,0,0,0,0,0,0,0,1,1,16,0,2.6
2026,3,Seth McGowan,IND,HOU,RB,0,0,0,0,0,4,14,0,0,0,0,0,1.4
2026,3,Tyler Warren,IND,HOU,TE,0,0,0,0,0,1,2,0,10,9,55,0,14.7
2026,3,Ameer Abdullah,JAX,NWE,RB,0,0,0,0,0,3,2,0,1,0,0,0,0.2
2026,3,Bhayshul Tuten,JAX,NWE,RB,0,0,0,0,0,15,73,1,2,2,17,0,17.0
2026,3,Brenton Strange,JAX,NWE,TE,0,0,0,0,0,0,0,0,5,3,32,0,6.2
2026,3,Brian Thomas Jr.,JAX,NWE,WR,0,0,0,0,0,0,0,0,1,1,8,0,1.8
2026,3,Chris Rodriguez Jr.,JAX,NWE,RB,0,0,0,0,0,8,37,1,0,0,0,0,9.7
2026,3,Jakobi Meyers,JAX,NWE,WR,0,0,0,0,0,0,0,0,8,7,64,1,19.4
2026,3,Josh Cameron,JAX,NWE,WR,0,0,0,0,0,0,0,0,2,1,12,1,8.2
2026,3,LeQuint Allen Jr.,JAX,NWE,RB,0,0,0,0,0,0,0,0,2,2,9,0,2.9
2026,3,Nate Boerkircher,JAX,NWE,TE,0,0,0,0,0,0,0,0,1,0,0,0,0.0
2026,3,Parker Washington,JAX,NWE,WR,0,0,0,0,0,0,0,0,5,3,40,1,13.0
2026,3,Trevor Lawrence,JAX,NWE,QB,29,19,182,3,1,4,25,0,0,0,0,0,19.78
2026,3,Brashard Smith,KAN,MIA,RB,0,0,0,0,0,0,0,0,1,1,4,0,1.4
2026,3,Emmett Johnson,KAN,MIA,RB,0,0,0,0,0,6,17,0,0,0,0,0,1.7
2026,3,Jake Briningstool,KAN,MIA,TE,0,0,0,0,0,0,0,0,1,0,0,0,0.0
2026,3,Jalen Royals,KAN,MIA,WR,0,0,0,0,0,0,0,0,1,1,11,0,2.1
2026,3,Kenneth Walker III,KAN,MIA,RB,0,0,0,0,0,18,70,1,2,2,3,1,21.3
2026,3,Noah Gray,KAN,MIA,TE,0,0,0,0,0,0,0,0,3,3,39,0,6.9
2026,3,Patrick Mahomes,KAN,MIA,QB,24,20,246,2,1,1,1,0,0,0,0,0,15.94
2026,3,Rashee Rice,KAN,MIA,WR,0,0,0,0,0,0,0,0,9,7,88,0,15.8
2026,3,Travis Kelce,KAN,MIA,TE,0,0,0,0,0,0,0,0,2,2,59,1,13.9
2026,3,Tyquan Thornton,KAN,MIA,WR,0,0,0,0,0,0,0,0,2,2,22,0,4.2
2026,3,Xavier Worthy,KAN,MIA,WR,0,0,0,0,0,0,0,0,2,2,20,0,4.0
2026,3,Alec Ingold,LAC,BUF,RB,0,0,0,0,0,0,0,0,4,3,35,0,6.5
2026,3,Justin Herbert,LAC,BUF,QB,34,20,226,1,1,4,17,0,0,0,0,0,12.74
2026,3,Keaton Mitchell,LAC,BUF,RB,0,0,0,0,0,8,52,0,3,3,-5,1,13.7
2026,3,Kimani Vidal,LAC,BUF,RB,0,0,0,0,0,1,6,0,3,1,14,0,3.0
2026,3,Ladd McConkey,LAC,BUF,WR,0,0,0,0,0,0,0,0,5,4,66,0,10.6
2026,3,Marquez Valdes-Scantling,LAC,BUF,WR,0,0,0,0,0,0,0,0,1,0,0,0,0.0
2026,3,Omarion Hampton,LAC,BUF,RB,0,0,0,0,0,15,56,0,1,0,0,0,5.6
2026,3,Oronde Gadsden II,LAC,BUF,TE,0,0,0,0,0,0,0,0,3,0,0,0,0.0
2026,3,Quentin Johnston,LAC,BUF,WR,0,0,0,0,0,0,0,0,6,3,40,0,7.0
2026,3,Tre Harris,LAC,BUF,WR,0,0,0,0,0,0,0,0,7,6,76,0,13.6
2026,3,Blake Corum,LAR,DEN,RB,0,0,0,0,0,6,15,0,4,2,0,0,3.5
2026,3,Colby Parkinson,LAR,DEN,TE,0,0,0,0,0,0,0,0,1,0,0,0,0.0
2026,3,Davante Adams,LAR,DEN,WR,0,0,0,0,0,0,0,0,13,7,137,0,20.7
2026,3,Davis Allen,LAR,DEN,TE,0,0,0,0,0,0,0,0,3,2,19,0,3.9
2026,3,Konata Mumpfield,LAR,DEN,WR,0,0,0,0,0,0,0,0,8,4,93,1,19.3
2026,3,Kyren Williams,LAR,DEN,RB,0,0,0,0,0,15,88,0,7,6,70,0,21.8
2026,3,Matthew Stafford,LAR,DEN,QB,55,30,390,2,2,2,13,0,0,0,0,0,20.9
2026,3,Terrance Ferguson,LAR,DEN,TE,0,0,0,0,0,0,0,0,2,1,9,0,1.9
2026,3,Tyler Higbee,LAR,DEN,TE,0,0,0,0,0,0,0,0,11,8,62,1,20.2
2026,3,Ashton Jeanty,LVR,NOR,RB,0,0,0,0,0,19,56,0,3,3,37,0,12.3
2026,3,Brock Bowers,LVR,NOR,TE,0,0,0,0,0,0,0,0,13,10,116,1,27.6
2026,3,Cody White,LVR,NOR,WR,0,0,0,0,0,0,0,0,3,1,4,1,7.4
2026,3,Jalen Nailor,LVR,NOR,WR,0,0,0,0,0,0,0,0,3,1,16,0,2.6
2026,3,Kirk Cousins,LVR,NOR,QB,33,22,248,3,0,3,3,0,0,0,0,0,22.22
2026,3,Malik Benson,LVR,NOR,WR,0,0,0,0,0,0,0,0,1,0,0,0,0.0
2026,3,Michael Mayer,LVR,NOR,TE,0,0,0,0,0,0,0,0,3,3,32,1,12.2
2026,3,Mike Washington Jr.,LVR,NOR,RB,0,0,0,0,0,5,54,1,0,0,0,0,11.4
2026,3,Tre Tucker,LVR,NOR,WR,0,0,0,0,0,0,0,0,4,4,43,0,8.3
2026,3,Chris Bell,MIA,KAN,WR,0,0,0,0,0,0,0,0,7,4,67,0,10.7
2026,3,De'Von Achane,MIA,KAN,RB,0,0,0,0,0,3,17,0,1,0,0,0,1.7
2026,3,Greg Dulcich,MIA,KAN,TE,0,0,0,0,0,0,0,0,7,5,55,0,10.5
2026,3,Kevin Coleman Jr.,MIA,KAN,WR,0,0,0,0,0,0,0,0,4,1,3,0,1.3
2026,3,Malik Washington,MIA,KAN,WR,0,0,0,0,0,2,5,0,10,5,56,0,11.1
2026,3,Malik Willis,MIA,KAN,QB,36,20,210,0,1,9,56,0,0,0,0,0,10.0
2026,3,Ollie Gordon II,MIA,KAN,RB,0,0,0,0,0,17,41,1,3,3,14,0,14.5
2026,3,Ryan Miller,MIA,KAN,WR,0,0,0,0,0,0,0,0,3,2,15,0,3.5
2026,3,Aaron Jones,MIN,TAM,RB,0,0,0,0,0,17,58,0,6,5,34,0,14.2
2026,3,DeeJay Dallas,MIN,TAM,RB,0,0,0,0,0,1,2,0,0,0,0,0,0.2
2026,3,Demond Claiborne,MIN,TAM,RB,0,0,0,0,0,3,1,0,0,0,0,0,0.1
2026,3,Jauan Jennings,MIN,TAM,WR,0,0,0,0,0,0,0,0,2,1,1,0,1.1
2026,3,Jordan Addison,MIN,TAM,WR,0,0,0,0,0,0,0,0,9,5,90,1,20.0
2026,3,Justin Jefferson,MIN,TAM,WR,0,0,0,0,0,0,0,0,2,2,32,0,5.2
2026,3,Kyler Murray,MIN,TAM,QB,29,15,168,1,1,2,17,0,0,0,0,0,10.42
2026,3,T.J. Hockenson,MIN,TAM,TE,0,0,0,0,0,0,0,0,4,2,11,0,3.1
2026,3,Tai Felton,MIN,TAM,WR,0,0,0,0,0,0,0,0,2,0,0,0,0.0
2026,3,Alvin Kamara,NOR,LVR,RB,0,0,0,0,0,9,36,0,1,1,5,0,5.1
2026,3,Bryce Lance,NOR,LVR,WR,0,0,0,0,0,0,0,0,3,0,0,0,0.0
2026,3,CJ Donaldson,NOR,LVR,RB,0,0,0,0,0,1,5,0,0,0,0,0,0.5
2026,3,Chris Olave,NOR,LVR,WR,0,0,0,0,0,0,0,0,13,9,107,0,19.7
2026,3,Devaughn Vele,NOR,LVR,WR,0,0,0,0,0,0,0,0,6,3,39,0,6.9
2026,3,Juwan Johnson,NOR,LVR,TE,0,0,0,0,0,0,0,0,8,8,53,2,23.3
2026,3,Kendre Miller,NOR,LVR,RB,0,0,0,0,0,4,14,0,3,2,5,0,3.9
2026,3,Noah Fant,NOR,LVR,TE,0,0,0,0,0,0,0,0,4,4,33,2,19.3
2026,3,Travis Etienne,NOR,LVR,RB,0,0,0,0,0,13,57,0,2,2,13,0,9.0
2026,3,Tyler Shough,NOR,LVR,QB,42,29,255,4,1,1,36,0,0,0,0,0,23.8
2026,3,Corey Kiner,NWE,JAX,RB,0,0,0,0,0,6,18,0,1,1,9,0,3.7
2026,3,DeMario Douglas,NWE,JAX,WR,0,0,0,0,0,0,0,0,5,1,38,0,4.8
2026,3,Drake Maye,NWE,JAX,QB,25,14,199,0,2,4,18,0,0,0,0,0,3.76
2026,3,Efton Chism III,NWE,JAX,WR,1,1,16,0,0,0,0,0,2,1,1,0,1.74
2026,3,Hunter Henry,NWE,JAX,TE,0,0,0,0,0,0,0,0,2,1,5,0,1.5
2026,3,Kyle Williams,NWE,JAX,WR,0,0,0,0,0,0,0,0,3,1,34,0,4.4
2026,3,Mack Hollins,NWE,JAX,WR,0,0,0,0,0,0,0,0,9,6,87,0,14.7
2026,3,Rhamondre Stevenson,NWE,JAX,RB,0,0,0,0,0,7,22,0,3,3,16,0,6.8
2026,3,Romeo Doubs,NWE,JAX,WR,0,0,0,0,0,0,0,0,4,3,49,0,7.9
2026,3,Tommy DeVito,NWE,JAX,QB,5,3,30,0,0,1,2,0,0,0,0,0,1.4
2026,3,TreVeyon Henderson,NWE,JAX,RB,0,0,0,0,0,8,23,0,1,1,6,0,3.9
2026,3,Cam Skattebo,NYG,TEN,RB,0,0,0,0,0,20,60,0,4,3,40,0,13.0
2026,3,Darnell Mooney,NYG,TEN,WR,0,0,0,0,0,1,9,0,3,2,20,0,4.9
2026,3,Isaiah Likely,NYG,TEN,TE,0,0,0,0,0,0,0,0,5,2,13,0,3.3
2026,3,Jameis Winston,NYG,TEN,QB,22,14,118,0,0,2,14,0,0,0,0,0,6.12
2026,3,Malachi Fields,NYG,TEN,WR,0,0,0,0,0,0,0,0,2,2,19,0,3.9
2026,3,Malik Nabers,NYG,TEN,WR,0,0,0,0,0,0,0,0,6,5,26,0,7.6
2026,3,Najee Harris,NYG,TEN,RB,0,0,0,0,0,9,52,0,0,0,0,0,5.2
2026,3,Odell Beckham Jr.,NYG,TEN,WR,0,0,0,0,0,0,0,0,1,0,0,0,0.0
2026,3,Tyrone Tracy Jr.,NYG,TEN,RB,0,0,0,0,0,1,3,0,0,0,0,0,0.3
2026,3,Braelon Allen,NYJ,DET,RB,0,0,0,0,0,4,14,0,3,3,3,0,4.7
2026,3,Breece Hall,NYJ,DET,RB,0,0,0,0,0,13,32,0,3,3,23,0,8.5
2026,3,Garrett Wilson,NYJ,DET,WR,0,0,0,0,0,0,0,0,13,10,107,1,26.7
2026,3,Geno Smith,NYJ,DET,QB,37,31,321,3,0,2,12,0,0,0,0,0,26.04
2026,3,Isaiah Williams,NYJ,DET,WR,0,0,0,0,0,0,0,0,2,1,21,0,3.1
2026,3,Jelani Woods,NYJ,DET,TE,0,0,0,0,0,0,0,0,1,1,20,0,3.0
2026,3,Jeremy Ruckert,NYJ,DET,TE,0,0,0,0,0,0,0,0,5,5,39,1,14.9
2026,3,Kenyon Sadiq,NYJ,DET,TE,0,0,0,0,0,0,0,0,8,7,105,1,23.5
2026,3,Sterling Shepard,NYJ,DET,WR,0,0,0,0,0,0,0,0,1,1,3,0,3.3
2026,3,DeVonta Smith,PHI,CHI,WR,0,0,0,0,0,0,0,0,8,6,65,0,12.5
2026,3,Dontayvion Wicks,PHI,CHI,WR,0,0,0,0,0,0,0,0,5,2,32,0,5.2
2026,3,Jalen Hurts,PHI,CHI,QB,25,16,153,0,1,4,25,1,0,0,0,0,12.62
2026,3,Johnny Mundt,PHI,CHI,TE,0,0,0,0,0,0,0,0,1,1,4,0,1.4
2026,3,Makai Lemon,PHI,CHI,WR,0,0,0,0,0,0,0,0,4,3,29,0,5.9
2026,3,Saquon Barkley,PHI,CHI,RB,0,0,0,0,0,15,82,0,2,1,-2,0,9.0
2026,3,Tank Bigsby,PHI,CHI,RB,0,0,0,0,0,0,0,0,1,1,5,0,-0.5
2026,3,Will Shipley,PHI,CHI,RB,0,0,0,0,0,0,0,0,2,1,11,0,2.1
2026,3,Zach Ertz,PHI,CHI,TE,0,0,0,0,0,0,0,0,2,1,9,0,1.9
2026,3,Aaron Rodgers,PIT,CIN,QB,34,19,292,3,1,3,10,0,0,0,0,0,22.68
2026,3,Ben Skowronek,PIT,CIN,WR,0,0,0,0,0,0,0,0,1,1,23,1,9.3
2026,3,DK Metcalf,PIT,CIN,WR,0,0,0,0,0,0,0,0,5,3,31,1,12.1
2026,3,Darnell Washington,PIT,CIN,TE,0,0,0,0,0,0,0,0,4,3,67,0,9.7
2026,3,Germie Bernard,PIT,CIN,WR,0,0,0,0,0,0,0,0,1,1,14,0,2.4
2026,3,Jaylen Warren,PIT,CIN,RB,0,0,0,0,0,17,127,0,4,3,49,0,20.6
2026,3,Lew Nichols III,PIT,CIN,RB,0,0,0,0,0,1,0,0,0,0,0,0,0.0
2026,3,Michael Pittman,PIT,CIN,WR,0,0,0,0,0,0,0,0,5,2,16,0,3.6
2026,3,Pat Freiermuth,PIT,CIN,TE,0,0,0,0,0,1,1,0,4,2,30,0,5.1
2026,3,Robert Tonyan,PIT,CIN,TE,0,0,0,0,0,0,0,0,1,1,2,0,1.2
2026,3,Roman Wilson,PIT,CIN,WR,0,0,0,0,0,0,0,0,6,3,60,1,15.0
2026,3,Travis Homer,PIT,CIN,RB,0,0,0,0,0,1,0,0,0,0,0,0,0.0
2026,3,AJ Barner,SEA,WAS,TE,0,0,0,0,0,0,0,0,9,5,69,0,11.9
2026,3,Brady Russell,SEA,WAS,RB,0,0,0,0,0,0,0,0,1,1,20,0,3.0
2026,3,Cooper Kupp,SEA,WAS,WR,0,0,0,0,0,0,0,0,5,4,46,1,14.6
2026,3,Emanuel Wilson,SEA,WAS,RB,0,0,0,0,0,9,14,0,0,0,0,0,1.4
2026,3,Eric Saubert,SEA,WAS,TE,0,0,0,0,0,0,0,0,2,1,13,1,8.3
2026,3,George Holani,SEA,WAS,RB,0,0,0,0,0,3,10,0,5,5,48,0,10.8
2026,3,Jadarian Price,SEA,WAS,RB,0,0,0,0,0,5,15,0,3,1,7,0,1.2
2026,3,Jaxon Smith-Njigba,SEA,WAS,WR,1,1,14,0,0,0,0,0,14,10,128,2,35.36
2026,3,Rashid Shaheed,SEA,WAS,WR,0,0,0,0,0,0,0,0,3,2,14,0,3.4
2026,3,Sam Darnold,SEA,WAS,QB,45,31,379,4,2,1,5,0,0,0,0,0,27.66
2026,3,Tory Horton,SEA,WAS,WR,0,0,0,0,0,0,0,0,3,3,48,0,7.8
2026,3,Brock Purdy,SFO,ARI,QB,27,15,297,4,0,2,34,0,0,0,0,0,31.28
2026,3,Christian McCaffrey,SFO,ARI,RB,0,0,0,0,0,15,75,1,5,4,41,0,21.6
2026,3,Deebo Samuel Sr.,SFO,ARI,WR,0,0,0,0,0,2,14,0,0,0,80,1,15.4
2026,3,George Kittle,SFO,ARI,TE,0,0,0,0,0,0,0,0,7,6,82,2,26.2
2026,3,Jacob Cowing,SFO,ARI,WR,0,0,0,0,0,0,0,0,2,0,0,0,0.0
2026,3,Jordan Watkins,SFO,ARI,WR,0,0,0,0,0,0,0,0,2,2,60,0,8.0
2026,3,Kaelon Black,SFO,ARI,RB,0,0,0,0,0,4,17,0,1,0,0,0,1.7
2026,3,Kyle Juszczyk,SFO,ARI,RB,0,0,0,0,0,0,0,0,2,0,0,0,0.0
2026,3,Luke Farrell,SFO,ARI,TE,0,0,0,0,0,0,0,0,1,0,0,0,0.0
2026,3,Mike Evans,SFO,ARI,WR,0,0,0,0,0,0,0,0,6,3,34,1,12.4
2026,3,Baker Mayfield,TAM,MIN,QB,34,17,217,1,1,2,6,0,0,0,0,0,11.28
2026,3,Bucky Irving,TAM,MIN,RB,0,0,0,0,0,15,46,0,4,2,12,0,7.8
2026,3,Cade Otton,TAM,MIN,TE,0,0,0,0,0,0,0,0,6,3,56,0,8.6
2026,3,Chris Godwin Jr.,TAM,MIN,WR,0,0,0,0,0,0,0,0,4,3,25,0,5.5
2026,3,Emeka Egbuka,TAM,MIN,WR,0,0,0,0,0,0,0,0,9,5,62,0,11.2
2026,3,Jalen McMillan,TAM,MIN,WR,0,0,0,0,0,0,0,0,1,0,0,0,0.0
2026,3,Jalon Daniels,TAM,MIN,QB,3,0,0,0,1,1,9,0,0,0,0,0,-1.1
2026,3,Kenny Gainwell,TAM,MIN,RB,0,0,0,0,0,3,-4,0,5,2,14,0,3.0
2026,3,Payne Durham,TAM,MIN,TE,0,0,0,0,0,0,0,0,1,0,0,0,0.0
2026,3,Ted Hurst III,TAM,MIN,WR,0,0,0,0,0,0,0,0,3,1,40,1,11.0
2026,3,Tez Johnson,TAM,MIN,WR,0,0,0,0,0,0,0,0,2,1,8,0,1.8
2026,3,Calvin Ridley,TEN,NYG,WR,0,0,0,0,0,0,0,0,1,0,0,0,0.0
2026,3,Cam Ward,TEN,NYG,QB,36,23,181,1,1,1,2,0,0,0,0,0,9.44
2026,3,Carnell Tate,TEN,NYG,WR,0,0,0,0,0,0,0,0,9,6,58,0,11.8
2026,3,Chimere Dike,TEN,NYG,WR,0,0,0,0,0,0,0,0,1,1,3,0,1.3
2026,3,Daniel Bellinger,TEN,NYG,TE,0,0,0,0,0,0,0,0,2,2,16,0,3.6
2026,3,Elic Ayomanor,TEN,NYG,WR,0,0,0,0,0,0,0,0,3,1,11,0,2.1
2026,3,Gunnar Helm,TEN,NYG,TE,0,0,0,0,0,0,0,0,4,2,14,0,3.4
2026,3,Tony Pollard,TEN,NYG,RB,0,0,0,0,0,17,74,0,4,4,22,0,13.6
2026,3,Tyjae Spears,TEN,NYG,RB,0,0,0,0,0,3,5,0,0,0,0,0,0.5
2026,3,Wan'Dale Robinson,TEN,NYG,WR,0,0,0,0,0,0,0,0,11,7,57,1,18.7
2026,3,Antonio Williams,WAS,SEA,WR,0,0,0,0,0,0,0,0,4,2,15,0,3.5
2026,3,Ben Sinnott,WAS,SEA,TE,0,0,0,0,0,0,0,0,1,0,0,0,0.0
2026,3,Colson Yankoff,WAS,SEA,TE,0,0,0,0,0,0,0,0,2,1,2,0,1.2
2026,3,Dyami Brown,WAS,SEA,WR,0,0,0,0,0,0,0,0,1,0,0,0,0.0
2026,3,Jacory Croskey-Merritt,WAS,SEA,RB,0,0,0,0,0,19,36,0,1,1,7,0,5.3
2026,3,Jaylin Lane,WAS,SEA,WR,0,0,0,0,0,0,0,0,1,1,21,0,3.1
2026,3,John Bates,WAS,SEA,TE,0,0,0,0,0,0,0,0,1,1,9,0,1.9
2026,3,Marcus Mariota,WAS,SEA,QB,31,19,183,3,0,5,11,0,0,0,0,0,20.42
2026,3,Rachaad White,WAS,SEA,RB,0,0,0,0,0,8,35,0,1,1,6,1,11.1
2026,3,Stefon Diggs,WAS,SEA,WR,0,0,0,0,0,0,0,0,7,4,33,0,7.3
2026,3,Terry McLaurin,WAS,SEA,WR,0,0,0,0,0,0,0,0,9,6,77,1,19.7
2026,3,Treylon Burks,WAS,SEA,WR,0,0,0,0,0,0,0,0,2,2,13,1,9.3
2026,4,Elijah Higgins,ARI,NYG,TE,0,0,0,0,0,0,0,0,2,2,19,1,9.9
2026,4,Hunter Long,ARI,NYG,TE,0,0,0,0,0,0,0,0,1,1,10,0,2.0
2026,4,Jacoby Brissett,ARI,NYG,QB,35,21,166,2,3,4,18,0,0,0,0,0,10.44
2026,4,Jeremiyah Love,ARI,NYG,RB,0,0,0,0,0,14,63,0,1,1,-8,0,6.5
2026,4,Marvin Harrison Jr.,ARI,NYG,WR,0,0,0,0,0,0,0,0,4,1,12,1,8.2
2026,4,Michael Wilson,ARI,NYG,WR,0,0,0,0,0,0,0,0,13,7,95,0,16.5
2026,4,Trey McBride,ARI,NYG,TE,0,0,0,0,0,0,0,0,12,7,31,0,10.1
2026,4,Tyler Allgeier,ARI,NYG,RB,0,0,0,0,0,8,42,1,2,2,7,0,12.9
2026,4,Austin Hooper,ATL,NOR,TE,0,0,0,0,0,0,0,0,1,1,9,0,1.9
2026,4,Bijan Robinson,ATL,NOR,RB,0,0,0,0,0,19,145,2,2,1,2,0,27.7
2026,4,Brian Robinson,ATL,NOR,RB,0,0,0,0,0,14,62,3,1,1,5,0,25.7
2026,4,Charlie Woerner,ATL,NOR,TE,0,0,0,0,0,0,0,0,1,0,0,0,0.0
2026,4,Drake London,ATL,NOR,WR,0,0,0,0,0,0,0,0,6,5,96,0,14.6
2026,4,Jahan Dotson,ATL,NOR,WR,0,0,0,0,0,0,0,0,3,2,54,1,13.4
2026,4,Kyle Pitts,ATL,NOR,TE,0,0,0,0,0,0,0,0,3,3,47,0,7.7
2026,4,Michael Penix Jr.,ATL,NOR,QB,20,15,223,1,0,2,-2,0,0,0,0,0,12.72
2026,4,Olamide Zaccheaus,ATL,NOR,WR,0,0,0,0,0,0,0,0,1,0,0,0,0.0
2026,4,Zachariah Branch,ATL,NOR,WR,0,0,0,0,0,0,0,0,2,2,10,0,3.0
2026,4,Derrick Henry,BAL,TEN,RB,0,0,0,0,0,23,73,1,2,2,6,0,15.9
2026,4,Devontez Walker,BAL,TEN,WR,0,0,0,0,0,0,0,0,2,1,19,0,2.9
2026,4,Elijah Sarratt,BAL,TEN,WR,0,0,0,0,0,0,0,0,2,1,13,0,2.3
2026,4,Justice Hill,BAL,TEN,RB,0,0,0,0,0,1,3,0,3,2,22,0,4.5
2026,4,Lamar Jackson,BAL,TEN,QB,20,15,222,2,0,2,20,0,0,0,0,0,18.88
2026,4,Mark Andrews,BAL,TEN,TE,0,0,0,0,0,0,0,0,6,5,27,1,13.7
2026,4,Matthew Hibner,BAL,TEN,TE,0,0,0,0,0,0,0,0,2,2,34,0,5.4
2026,4,Rashod Bateman,BAL,TEN,WR,0,0,0,0,0,0,0,0,2,2,46,0,6.6
2026,4,Tyler Huntley,BAL,TEN,QB,9,8,63,0,0,4,16,0,0,0,0,0,4.12
2026,4,Zay Flowers,BAL,TEN,WR,0,0,0,0,0,0,0,0,10,8,118,1,25.8
2026,4,DJ Moore,BUF,NWE,WR,0,0,0,0,0,1,6,0,2,1,11,0,2.7
2026,4,Dalton Kincaid,BUF,NWE,TE,0,0,0,0,0,0,0,0,2,1,7,0,1.7
2026,4,Dawson Knox,BUF,NWE,TE,0,0,0,0,0,0,0,0,2,2,13,0,3.3
2026,4,James Cook,BUF,NWE,RB,0,0,0,0,0,12,75,1,2,2,8,0,16.3
2026,4,Josh Allen,BUF,NWE,QB,33,23,253,1,1,5,4,1,0,0,0,0,18.52
2026,4,Josh Palmer,BUF,NWE,WR,0,0,0,0,0,0,0,0,4,1,3,0,1.3
2026,4,Keon Coleman,BUF,NWE,WR,0,0,0,0,0,0,0,0,7,6,116,1,23.6
2026,4,Khalil Shakir,BUF,NWE,WR,0,0,0,0,0,0,0,0,8,7,82,0,13.2
2026,4,Ray Davis,BUF,NWE,RB,0,0,0,0,0,1,3,0,1,1,4,0,1.7
2026,4,Ty Johnson,BUF,NWE,RB,0,0,0,0,0,1,3,0,2,2,9,0,3.2
2026,4,AJ Dillon,CAR,DET,RB,0,0,0,0,0,5,2,0,1,1,5,0,1.7
2026,4,Bryce Young,CAR,DET,QB,41,29,329,2,0,3,3,0,0,0,0,0,21.46
2026,4,Brycen Tremayne,CAR,DET,WR,0,0,0,0,0,0,0,0,3,2,32,0,5.2
2026,4,Chuba Hubbard,CAR,DET,RB,0,0,0,0,0,20,122,2,2,1,7,0,25.9
2026,4,Darren Waller,CAR,DET,TE,0,0,0,0,0,0,0,0,6,3,36,0,6.6
2026,4,Ja'Seem Reed,CAR,DET,WR,0,0,0,0,0,0,0,0,1,0,0,0,0.0
2026,4,John Metchie III,CAR,DET,WR,0,0,0,0,0,0,0,0,5,3,37,0,6.7
2026,4,Mitchell Evans,CAR,DET,TE,0,0,0,0,0,0,0,0,1,1,8,0,1.8
2026,4,Tetairoa McMillan,CAR,DET,WR,0,0,0,0,0,0,0,0,16,14,192,2,45.2
2026,4,Tommy Tremble,CAR,DET,TE,0,0,0,0,0,0,0,0,4,4,12,0,5.2
2026,4,Cole Kmet,CHI,NYJ,TE,0,0,0,0,0,0,0,0,2,2,13,0,3.3
2026,4,Colston Loveland,CHI,NYJ,TE,0,0,0,0,0,0,0,0,9,6,57,0,11.7
2026,4,D'Andre Swift,CHI,NYJ,RB,0,0,0,0,0,15,58,0,2,2,16,0,7.4
2026,4,Kalif Raymond,CHI,NYJ,WR,0,0,0,0,0,0,0,0,2,2,6,0,2.6
2026,4,Kyle Monangai,CHI,NYJ,RB,0,0,0,0,0,30,146,2,1,1,4,0,28.0
2026,4,Luther Burden III,CHI,NYJ,WR,0,0,0,0,0,1,11,0,6,4,63,0,11.4
2026,4,Rome Odunze,CHI,NYJ,WR,0,0,0,0,0,0,0,0,7,6,94,0,15.4
2026,4,Roschon Johnson,CHI,NYJ,RB,0,0,0,0,0,4,16,0,1,1,7,0,3.3
2026,4,Sam Roush,CHI,NYJ,TE,0,0,0,0,0,0,0,0,1,1,8,0,1.8
2026,4,Tyson Bagent,CHI,NYJ,QB,34,25,268,0,1,4,1,0,0,0,0,0,8.82
2026,4,Chase Brown,CIN,JAX,RB,0,0,0,0,0,9,10,0,11,11,71,0,19.1
2026,4,Dohnte Meyers,CIN,JAX,WR,0,0,0,0,0,0,0,0,9,7,82,0,15.2
2026,4,Ja'Marr Chase,CIN,JAX,WR,0,0,0,0,0,0,0,0,3,3,27,0,5.7
2026,4,Joe Burrow,CIN,JAX,QB,54,39,428,1,2,3,6,1,0,0,0,0,23.72
2026,4,Mike Gesicki,CIN,JAX,TE,0,0,0,0,0,0,0,0,5,3,40,1,13.0
2026,4,Mitchell Tinsley,CIN,JAX,WR,0,0,0,0,0,0,0,0,7,3,49,0,7.9
2026,4,Samaje Perine,CIN,JAX,RB,0,0,0,0,0,3,7,0,1,0,0,0,0.7
2026,4,Tanner Hudson,CIN,JAX,TE,0,0,0,0,0,0,0,0,1,1,2,0,1.2
2026,4,Tee Higgins,CIN,JAX,WR,0,0,0,0,0,0,0,0,16,11,157,0,26.7
2026,4,Denzel Boston,CLE,PIT,WR,0,0,0,0,0,0,0,0,7,4,89,0,12.9
2026,4,Deshaun Watson,CLE,PIT,QB,33,24,268,1,1,7,22,0,0,0,0,0,12.92
2026,4,Harold Fannin Jr.,CLE,PIT,TE,0,0,0,0,0,0,0,0,5,3,27,1,11.7
2026,4,Isaiah Bond,CLE,PIT,WR,0,0,0,0,0,0,0,0,1,1,2,0,1.2
2026,4,Jaleel McLaughlin,CLE,PIT,RB,0,0,0,0,0,1,28,1,0,0,0,0,8.8
2026,4,Jerry Jeudy,CLE,PIT,WR,0,0,0,0,0,0,0,0,3,3,36,0,6.6
2026,4,KC Concepcion,CLE,PIT,WR,0,0,0,0,0,0,0,0,8,5,64,0,11.4
2026,4,Quinshon Judkins,CLE,PIT,RB,0,0,0,0,0,17,53,1,7,6,43,0,21.6
2026,4,Raheim Sanders,CLE,PIT,RB,0,0,0,0,0,2,9,0,2,2,7,0,3.6
2026,4,Brevyn Spann-Ford,DAL,HOU,TE,0,0,0,0,0,0,0,0,1,0,0,0,0.0
2026,4,CeeDee Lamb,DAL,HOU,WR,0,0,0,0,0,1,-6,0,21,17,189,1,41.3
2026,4,Dak Prescott,DAL,HOU,QB,45,32,335,1,0,2,7,0,0,0,0,0,18.1
2026,4,George Pickens,DAL,HOU,WR,0,0,0,0,0,0,0,0,3,2,75,0,9.5
2026,4,Hunter Luepke,DAL,HOU,RB,0,0,0,0,0,0,0,0,1,1,2,0,1.2
2026,4,Jake Ferguson,DAL,HOU,TE,0,0,0,0,0,0,0,0,4,3,11,0,4.1
2026,4,Javonte Williams,DAL,HOU,RB,0,0,0,0,0,19,62,3,5,5,21,0,31.3
2026,4,Jonathan Mingo,DAL,HOU,WR,0,0,0,0,0,0,0,0,2,0,0,0,0.0
2026,4,Ryan Flournoy,DAL,HOU,WR,0,0,0,0,0,0,0,0,5,4,37,0,7.7
2026,4,Tyler Goodson,DAL,HOU,RB,0,0,0,0,0,3,12,0,1,0,0,0,1.2
2026,4,Adam Trautman,DEN,SFO,TE,0,0,0,0,0,0,0,0,1,0,0,0,0.0
2026,4,Bo Nix,DEN,SFO,QB,42,25,214,1,0,2,10,0,0,0,0,0,13.56
2026,4,Courtland Sutton,DEN,SFO,WR,0,0,0,0,0,0,0,0,6,1,4,0,1.4
2026,4,Evan Engram,DEN,SFO,TE,0,0,0,0,0,0,0,0,5,1,6,0,1.6
2026,4,J.K. Dobbins,DEN,SFO,RB,0,0,0,0,0,11,40,0,2,2,12,0,7.2
2026,4,Jaylen Waddle,DEN,SFO,WR,0,0,0,0,0,0,0,0,6,5,35,1,14.5
2026,4,Marvin Mims Jr.,DEN,SFO,WR,0,0,0,0,0,0,0,0,3,1,10,0,2.0
2026,4,Pat Bryant,DEN,SFO,WR,0,0,0,0,0,0,0,0,3,3,47,0,7.7
2026,4,RJ Harvey,DEN,SFO,RB,0,0,0,0,0,7,25,0,10,10,68,0,19.3
2026,4,Tyler Badie,DEN,SFO,RB,0,0,0,0,0,2,7,0,2,2,32,0,7.9
2026,4,Amon-Ra St. Brown,DET,CAR,WR,0,0,0,0,0,0,0,0,11,8,75,0,15.5
2026,4,Brock Wright,DET,CAR,TE,0,0,0,0,0,0,0,0,2,1,8,0,1.8
2026,4,Isaac TeSlaa,DET,CAR,WR,0,0,0,0,0,0,0,0,8,4,95,0,13.5
2026,4,Jahmyr Gibbs,DET,CAR,RB,0,0,0,0,0,15,46,1,7,4,31,0,17.7
2026,4,Jameson Williams,DET,CAR,WR,0,0,0,0,0,0,0,0,8,6,102,0,16.2
2026,4,Jared Goff,DET,CAR,QB,52,32,412,1,0,0,0,0,0,0,0,0,20.48
2026,4,Sam LaPorta,DET,CAR,TE,0,0,0,0,0,0,0,0,13,8,84,1,22.4
2026,4,Sione Vaki,DET,CAR,RB,0,0,0,0,0,0,0,0,2,1,17,0,2.7
2026,4,Bo Melton,GNB,TAM,WR,0,0,0,0,0,0,0,0,1,0,0,0,0.0
2026,4,Chris Brooks,GNB,TAM,RB,0,0,0,0,0,4,30,0,1,1,5,0,4.5
2026,4,Christian Watson,GNB,TAM,WR,0,0,0,0,0,0,0,0,3,3,47,0,7.7
2026,4,J. Michael Sturdivant,GNB,TAM,WR,0,0,0,0,0,0,0,0,1,0,0,0,0.0
2026,4,Jonnu Smith,GNB,TAM,TE,0,0,0,0,0,0,0,0,1,1,19,0,2.9
2026,4,Jordan Love,GNB,TAM,QB,30,22,197,2,1,4,-8,0,0,0,0,0,13.08
2026,4,Kaleb Johnson,GNB,TAM,RB,0,0,0,0,0,8,42,0,0,0,0,0,2.2
2026,4,MarShawn Lloyd,GNB,TAM,RB,0,0,0,0,0,7,13,0,5,5,36,0,9.9
2026,4,Mark Redman,GNB,TAM,TE,0,0,0,0,0,0,0,0,2,2,29,0,4.9
2026,4,Matthew Golden,GNB,TAM,WR,0,0,0,0,0,1,6,0,7,3,21,1,11.7
2026,4,Skyy Moore,GNB,TAM,WR,0,0,0,0,0,0,0,0,2,1,-2,0,0.8
2026,4,Tucker Kraft,GNB,TAM,TE,0,0,0,0,0,1,3,0,7,6,42,1,16.5
2026,4,Brevin Jordan,HOU,DAL,TE,0,0,0,0,0,0,0,0,1,1,13,0,2.3
2026,4,C.J. Stroud,HOU,DAL,QB,31,21,347,2,0,2,12,0,0,0,0,0,23.08
2026,4,Cade Stover,HOU,DAL,TE,0,0,0,0,0,0,0,0,1,1,20,0,3.0
2026,4,Dalton Schultz,HOU,DAL,TE,0,0,0,0,0,0,0,0,2,2,9,0,2.9
2026,4,David Montgomery,HOU,DAL,RB,0,0,0,0,0,10,24,0,0,0,19,0,4.3
2026,4,Foster Moreau,HOU,DAL,TE,0,0,0,0,0,0,0,0,1,1,1,0,1.1
2026,4,Jaylin Noel,HOU,DAL,WR,0,0,0,0,0,1,4,0,3,3,85,0,11.9
2026,4,Kayshon Boutte,HOU,DAL,WR,0,0,0,0,0,0,0,0,4,3,36,0,6.6
2026,4,Nico Collins,HOU,DAL,WR,0,0,0,0,0,0,0,0,8,7,118,2,30.8
2026,4,Woody Marks,HOU,DAL,RB,0,0,0,0,0,6,22,1,1,0,0,0,8.2
2026,4,Xavier Hutchinson,HOU,DAL,WR,0,0,0,0,0,0,0,0,5,3,46,0,7.6
2026,4,Ashton Dulin,IND,WAS,WR,0,0,0,0,0,0,0,0,6,3,29,0,5.9
2026,4,Daniel Jones,IND,WAS,QB,34,19,143,0,1,4,2,1,0,0,0,0,7.92
2026,4,Deion Burks,IND,WAS,WR,0,0,0,0,0,0,0,0,2,1,6,0,1.6
2026,4,Jonathan Taylor,IND,WAS,RB,0,0,0,0,0,20,95,2,4,1,2,0,22.7
2026,4,Josh Downs,IND,WAS,WR,0,0,0,0,0,0,0,0,4,3,16,0,4.6
2026,4,Laquon Treadwell,IND,WAS,WR,0,0,0,0,0,0,0,0,6,5,42,0,9.2
2026,4,Seth McGowan,IND,WAS,RB,0,0,0,0,0,6,31,0,2,1,7,0,4.8
2026,4,Tyler Warren,IND,WAS,TE,0,0,0,0,0,0,0,0,5,5,41,0,9.1
2026,4,Bhayshul Tuten,JAX,CIN,RB,0,0,0,0,0,17,73,0,2,2,18,0,11.1
2026,4,Brenton Strange,JAX,CIN,TE,0,0,0,0,0,0,0,0,8,7,95,0,16.5
2026,4,Brian Thomas Jr.,JAX,CIN,WR,0,0,0,0,0,0,0,0,2,2,17,1,9.7
2026,4,Chris Rodriguez Jr.,JAX,CIN,RB,0,0,0,0,0,6,35,1,0,0,0,0,9.5
2026,4,Jakobi Meyers,JAX,CIN,WR,0,0,0,0,0,0,0,0,4,3,33,0,6.3
2026,4,Josh Cameron,JAX,CIN,WR,0,0,0,0,0,0,0,0,2,2,42,0,6.2
2026,4,Nate Boerkircher,JAX,CIN,TE,0,0,0,0,0,0,0,0,2,1,15,0,2.5
2026,4,Parker Washington,JAX,CIN,WR,0,0,0,0,0,1,3,0,3,1,7,0,2.0
2026,4,Trevor Lawrence,JAX,CIN,QB,23,18,227,1,0,3,0,0,0,0,0,0,13.08
2026,4,Cyrus Allen,KAN,LVR,WR,0,0,0,0,0,0,0,0,1,0,0,0,0.0
2026,4,Emmett Johnson,KAN,LVR,RB,0,0,0,0,0,0,0,0,1,1,10,0,2.0
2026,4,Jalen Royals,KAN,LVR,WR,0,0,0,0,0,0,0,0,2,0,0,0,0.0
2026,4,Kenneth Walker III,KAN,LVR,RB,0,0,0,0,0,22,177,2,1,1,2,0,30.9
2026,4,Noah Gray,KAN,LVR,TE,0,0,0,0,0,0,0,0,3,2,17,0,3.7
2026,4,Patrick Mahomes,KAN,LVR,QB,30,15,225,2,0,2,0,0,0,0,0,0,17.0
2026,4,Travis Kelce,KAN,LVR,TE,0,0,0,0,0,0,0,0,4,2,15,0,3.5
2026,4,Tyquan Thornton,KAN,LVR,WR,0,0,0,0,0,0,0,0,8,5,111,2,28.1
2026,4,Xavier Worthy,KAN,LVR,WR,0,0,0,0,0,0,0,0,7,4,70,0,11.0
2026,4,Derius Davis,LAC,SEA,WR,0,0,0,0,0,0,0,0,1,1,6,0,1.6
2026,4,Justin Herbert,LAC,SEA,QB,31,19,189,1,2,6,40,0,1,0,0,0,9.56
2026,4,Keaton Mitchell,LAC,SEA,RB,0,0,0,0,0,10,39,0,6,5,24,0,11.3
2026,4,Kimani Vidal,LAC,SEA,RB,0,0,0,0,0,5,25,0,3,2,11,1,11.6
2026,4,Ladd McConkey,LAC,SEA,WR,0,0,0,0,0,0,0,0,2,0,0,0,0.0
2026,4,Marquez Valdes-Scantling,LAC,SEA,WR,0,0,0,0,0,0,0,0,1,0,0,0,0.0
2026,4,Omarion Hampton,LAC,SEA,RB,0,0,0,0,0,9,45,1,2,2,8,0,13.3
2026,4,Oronde Gadsden II,LAC,SEA,TE,0,0,0,0,0,1,2,0,8,5,36,0,8.8
2026,4,Quentin Johnston,LAC,SEA,WR,0,0,0,0,0,1,-4,0,2,1,44,0,5.0
2026,4,Tre Harris,LAC,SEA,WR,1,0,0,0,0,0,0,0,5,3,60,0,9.0
2026,4,Blake Corum,LAR,PHI,RB,0,0,0,0,0,5,14,0,2,1,7,0,3.1
2026,4,Davante Adams,LAR,PHI,WR,0,0,0,0,0,0,0,0,9,4,32,0,7.2
2026,4,Davis Allen,LAR,PHI,TE,0,0,0,0,0,0,0,0,2,0,0,0,0.0
2026,4,Jordan Whittington,LAR,PHI,WR,0,0,0,0,0,0,0,0,2,1,4,0,1.4
2026,4,Konata Mumpfield,LAR,PHI,WR,0,0,0,0,0,0,0,0,3,1,7,0,1.7
2026,4,Kyren Williams,LAR,PHI,RB,0,0,0,0,0,16,80,2,13,10,67,0,36.7
2026,4,Matthew Stafford,LAR,PHI,QB,51,32,317,0,2,3,10,0,0,0,0,0,9.68
2026,4,Puka Nacua,LAR,PHI,WR,0,0,0,0,0,1,2,1,12,9,125,0,27.7
2026,4,Tutu Atwell,LAR,PHI,WR,0,0,0,0,0,0,0,0,1,1,8,0,1.8
2026,4,Tyler Higbee,LAR,PHI,TE,0,0,0,0,0,0,0,0,6,5,67,0,11.7
2026,4,Ashton Jeanty,LVR,KAN,RB,0,0,0,0,0,15,58,0,8,6,68,0,18.6
2026,4,Brock Bowers,LVR,KAN,TE,0,0,0,0,0,0,0,0,11,6,86,1,20.6
2026,4,Cody White,LVR,KAN,WR,0,0,0,0,0,0,0,0,4,2,36,0,7.6
2026,4,Connor Heyward,LVR,KAN,RB,0,0,0,0,0,2,-4,0,1,1,9,0,1.5
2026,4,Dareke Young,LVR,KAN,WR,0,0,0,0,0,0,0,0,2,1,9,0,1.9
2026,4,Ian Thomas,LVR,KAN,TE,0,0,0,0,0,0,0,0,2,2,32,1,11.2
2026,4,Kirk Cousins,LVR,KAN,QB,52,31,365,2,1,0,0,0,0,0,0,0,22.6
2026,4,Michael Mayer,LVR,KAN,TE,0,0,0,0,0,0,0,0,10,8,82,0,16.2
2026,4,Mike Washington Jr.,LVR,KAN,RB,0,0,0,0,0,9,18,0,2,1,-1,0,2.7
2026,4,Tre Tucker,LVR,KAN,WR,0,0,0,0,0,0,0,0,8,4,44,0,8.4
2026,4,Chris Bell,MIA,MIN,WR,0,0,0,0,0,0,0,0,3,0,0,0,0.0
2026,4,Jalen Tolbert,MIA,MIN,WR,0,0,0,0,0,0,0,0,1,0,0,0,0.0
2026,4,Jaylen Wright,MIA,MIN,RB,0,0,0,0,0,5,7,0,0,0,0,0,0.7
2026,4,Kevin Coleman Jr.,MIA,MIN,WR,0,0,0,0,0,0,0,0,4,1,3,0,1.3
2026,4,Malik Washington,MIA,MIN,WR,0,0,0,0,0,2,3,0,5,5,67,0,12.0
2026,4,Malik Willis,MIA,MIN,QB,17,9,85,0,0,2,11,0,0,0,0,0,2.5
2026,4,Ollie Gordon II,MIA,MIN,RB,0,0,0,0,0,9,100,1,2,2,0,0,18.0
2026,4,Will Kacmarek,MIA,MIN,TE,0,0,0,0,0,0,0,0,2,1,15,0,2.5
2026,4,Aaron Jones,MIN,MIA,RB,0,0,0,0,0,20,94,0,8,4,34,0,16.8
2026,4,DeeJay Dallas,MIN,MIA,RB,0,0,0,0,0,0,0,0,1,1,10,0,2.0
2026,4,Demond Claiborne,MIN,MIA,RB,0,0,0,0,0,3,12,0,0,0,0,0,1.2
2026,4,Gavin Bartholomew,MIN,MIA,TE,0,0,0,0,0,0,0,0,1,1,4,0,1.4
2026,4,Jauan Jennings,MIN,MIA,WR,0,0,0,0,0,0,0,0,1,1,8,0,1.8
2026,4,Jordan Addison,MIN,MIA,WR,0,0,0,0,0,1,-1,0,6,4,52,0,9.1
2026,4,Kyler Murray,MIN,MIA,QB,37,27,247,0,0,6,16,0,0,0,0,0,11.48
2026,4,Myles Price,MIN,MIA,WR,0,0,0,0,0,1,2,0,2,2,6,0,2.8
2026,4,T.J. Hockenson,MIN,MIA,TE,0,0,0,0,0,0,0,0,13,13,119,0,24.9
2026,4,Tai Felton,MIN,MIA,WR,0,0,0,0,0,0,0,0,1,1,14,0,2.4
2026,4,Alvin Kamara,NOR,ATL,RB,0,0,0,0,0,7,23,2,7,5,35,0,22.8
2026,4,Barion Brown,NOR,ATL,WR,0,0,0,0,0,1,-5,0,0,0,0,0,-0.5
2026,4,Bryce Lance,NOR,ATL,WR,0,0,0,0,0,0,0,0,5,1,7,0,1.7
2026,4,CJ Donaldson,NOR,ATL,RB,0,0,0,0,0,3,18,0,2,2,5,0,4.3
2026,4,Chris Olave,NOR,ATL,WR,0,0,0,0,0,0,0,0,12,8,116,0,19.6
2026,4,Devaughn Vele,NOR,ATL,WR,0,0,0,0,0,0,0,0,9,6,54,1,17.4
2026,4,Juwan Johnson,NOR,ATL,TE,0,0,0,0,0,0,0,0,8,6,59,0,11.9
2026,4,Kendre Miller,NOR,ATL,RB,0,0,0,0,0,6,9,0,3,2,10,0,1.9
2026,4,Treyton Welch,NOR,ATL,TE,0,0,0,0,0,0,0,0,1,0,0,0,0.0
2026,4,Tyler Shough,NOR,ATL,QB,48,30,286,1,0,2,5,0,0,0,0,0,15.94
2026,4,DeMario Douglas,NWE,BUF,WR,0,0,0,0,0,0,0,0,3,2,15,0,3.5
2026,4,Drake Maye,NWE,BUF,QB,37,22,269,3,1,8,54,0,0,0,0,0,26.16
2026,4,Efton Chism III,NWE,BUF,WR,0,0,0,0,0,0,0,0,4,2,42,1,12.2
2026,4,Eli Raridon,NWE,BUF,TE,0,0,0,0,0,0,0,0,2,1,12,0,2.2
2026,4,Hunter Henry,NWE,BUF,TE,0,0,0,0,0,0,0,0,5,5,62,0,11.2
2026,4,Kyle Williams,NWE,BUF,WR,0,0,0,0,0,0,0,0,2,0,0,0,0.0
2026,4,Mack Hollins,NWE,BUF,WR,0,0,0,0,0,0,0,0,4,3,53,0,8.3
2026,4,Rhamondre Stevenson,NWE,BUF,RB,0,0,0,0,0,13,47,1,5,3,27,0,18.4
2026,4,Romeo Doubs,NWE,BUF,WR,0,0,0,0,0,0,0,0,9,6,58,2,23.8
2026,4,TreVeyon Henderson,NWE,BUF,RB,0,0,0,0,0,14,42,0,2,0,0,0,4.2
2026,4,Braxton Berrios,NYG,ARI,WR,0,0,0,0,0,0,0,0,1,0,0,0,0.0
2026,4,Cam Skattebo,NYG,ARI,RB,0,0,0,0,0,18,58,0,1,1,8,0,7.6
2026,4,Darnell Mooney,NYG,ARI,WR,0,0,0,0,0,0,0,0,2,0,0,0,0.0
2026,4,Isaiah Likely,NYG,ARI,TE,0,0,0,0,0,0,0,0,12,7,66,0,13.6
2026,4,Jameis Winston,NYG,ARI,QB,29,18,250,3,2,0,0,0,0,0,0,0,18.0
2026,4,Malachi Fields,NYG,ARI,WR,0,0,0,0,0,0,0,0,3,2,52,1,13.2
2026,4,Malik Nabers,NYG,ARI,WR,0,0,0,0,0,0,0,0,7,6,112,1,23.2
2026,4,Najee Harris,NYG,ARI,RB,0,0,0,0,0,9,30,0,0,0,0,0,3.0
2026,4,Patrick Ricard,NYG,ARI,RB,0,0,0,0,0,0,0,0,2,1,1,0,1.1
2026,4,Theo Johnson,NYG,ARI,TE,0,0,0,0,0,0,0,0,1,1,11,1,8.1
2026,4,Tyrone Tracy Jr.,NYG,ARI,RB,0,0,0,0,0,1,-1,0,0,0,0,0,-0.1
2026,4,Braelon Allen,NYJ,CHI,RB,0,0,0,0,0,14,59,0,2,2,8,0,8.7
2026,4,Garrett Wilson,NYJ,CHI,WR,0,0,0,0,0,0,0,0,4,3,27,0,5.7
2026,4,Geno Smith,NYJ,CHI,QB,15,8,119,1,0,0,0,0,0,0,0,0,8.76
2026,4,Isaiah Williams,NYJ,CHI,WR,0,0,0,0,0,0,0,0,3,2,73,1,15.3
2026,4,Jelani Woods,NYJ,CHI,TE,0,0,0,0,0,0,0,0,1,1,11,0,2.1
2026,4,Kenyon Sadiq,NYJ,CHI,TE,0,0,0,0,0,0,0,0,4,0,0,0,0.0
2026,4,Sterling Shepard,NYJ,CHI,WR,0,0,0,0,0,0,0,0,1,0,0,0,0.0
2026,4,Darius Cooper,PHI,LAR,WR,0,0,0,0,0,0,0,0,7,3,33,2,18.3
2026,4,Dontayvion Wicks,PHI,LAR,WR,0,0,0,0,0,0,0,0,5,3,18,0,4.8
2026,4,Jalen Hurts,PHI,LAR,QB,27,12,93,2,0,5,18,0,0,0,0,0,13.52
2026,4,Makai Lemon,PHI,LAR,WR,0,0,0,0,0,0,0,0,6,3,27,0,5.7
2026,4,Saquon Barkley,PHI,LAR,RB,0,0,0,0,0,2,8,0,1,1,2,0,2.0
2026,4,Tank Bigsby,PHI,LAR,RB,0,0,0,0,0,14,55,0,1,0,0,0,5.5
2026,4,Will Shipley,PHI,LAR,RB,0,0,0,0,0,6,23,0,1,0,0,0,2.3
2026,4,Zach Ertz,PHI,LAR,TE,0,0,0,0,0,0,0,0,4,2,13,0,3.3
2026,4,Aaron Rodgers,PIT,CLE,QB,40,22,299,3,2,0,0,0,0,0,0,0,21.96
2026,4,Ben Skowronek,PIT,CLE,WR,0,0,0,0,0,0,0,0,2,1,7,0,1.7
2026,4,DK Metcalf,PIT,CLE,WR,0,0,0,0,0,0,0,0,9,5,115,0,16.5
2026,4,Darnell Washington,PIT,CLE,TE,0,0,0,0,0,0,0,0,5,3,27,1,11.7
2026,4,Germie Bernard,PIT,CLE,WR,0,0,0,0,0,0,0,0,2,2,11,0,3.1
2026,4,Jaylen Warren,PIT,CLE,RB,0,0,0,0,0,17,93,0,6,3,33,0,15.6
2026,4,Michael Pittman,PIT,CLE,WR,0,0,0,0,0,0,0,0,4,2,15,0,3.5
2026,4,Pat Freiermuth,PIT,CLE,TE,0,0,0,0,0,0,0,0,5,3,17,1,10.7
2026,4,Roman Wilson,PIT,CLE,WR,0,0,0,0,0,0,0,0,6,3,74,1,16.4
2026,4,Travis Homer,PIT,CLE,RB,0,0,0,0,0,2,-1,0,0,0,0,0,-0.1
2026,4,AJ Barner,SEA,LAC,TE,0,0,0,0,0,0,0,0,3,1,12,0,2.2
2026,4,Cooper Kupp,SEA,LAC,WR,0,0,0,0,0,0,0,0,2,1,13,0,2.3
2026,4,Emanuel Wilson,SEA,LAC,RB,0,0,0,0,0,21,81,1,4,3,39,1,27.0
2026,4,George Holani,SEA,LAC,RB,0,0,0,0,0,7,18,0,1,1,2,0,3.0
2026,4,Jaxon Smith-Njigba,SEA,LAC,WR,0,0,0,0,0,0,0,0,6,5,76,0,12.6
2026,4,Rashid Shaheed,SEA,LAC,WR,0,0,0,0,0,2,33,1,3,1,20,0,12.3
2026,4,Sam Darnold,SEA,LAC,QB,22,13,168,2,1,3,6,0,0,0,0,0,13.32
2026,4,Tory Horton,SEA,LAC,WR,0,0,0,0,0,0,0,0,1,1,6,1,7.6
2026,4,Brandin Cooks,SFO,DEN,WR,0,0,0,0,0,0,0,0,1,0,0,0,0.0
2026,4,Brock Purdy,SFO,DEN,QB,30,19,218,2,0,10,29,0,0,0,0,0,19.62
2026,4,Christian McCaffrey,SFO,DEN,RB,0,0,0,0,0,15,52,1,5,3,18,0,16.0
2026,4,Deebo Samuel Sr.,SFO,DEN,WR,0,0,0,0,0,3,44,0,6,5,26,1,18.0
2026,4,George Kittle,SFO,DEN,TE,0,0,0,0,0,0,0,0,6,4,70,1,17.0
2026,4,Jacob Cowing,SFO,DEN,WR,0,0,0,0,0,1,2,0,1,0,0,0,0.2
2026,4,Kaelon Black,SFO,DEN,RB,0,0,0,0,0,6,13,0,0,0,0,0,1.3
2026,4,Kyle Juszczyk,SFO,DEN,RB,0,0,0,0,0,0,0,0,2,2,28,0,4.8
2026,4,Mike Evans,SFO,DEN,WR,0,0,0,0,0,0,0,0,8,5,76,0,12.6
2026,4,Bucky Irving,TAM,GNB,RB,0,0,0,0,0,16,61,0,0,0,0,0,6.1
2026,4,Cade Otton,TAM,GNB,TE,0,0,0,0,0,0,0,0,6,4,37,0,7.7
2026,4,Chris Godwin Jr.,TAM,GNB,WR,0,0,0,0,0,0,0,0,7,6,31,0,9.1
2026,4,Emeka Egbuka,TAM,GNB,WR,0,0,0,0,0,0,0,0,4,2,13,0,3.3
2026,4,Jalon Daniels,TAM,GNB,QB,27,19,148,1,2,8,55,0,0,0,0,0,11.42
2026,4,Kameron Johnson,TAM,GNB,WR,0,0,0,0,0,0,0,0,2,1,3,0,1.3
2026,4,Kenny Gainwell,TAM,GNB,RB,0,0,0,0,0,3,5,0,2,2,22,1,10.7
2026,4,Sean Tucker,TAM,GNB,RB,0,0,0,0,0,3,10,1,0,0,0,0,7.0
2026,4,Ted Hurst III,TAM,GNB,WR,0,0,0,0,0,0,0,0,3,2,25,0,4.5
2026,4,Tez Johnson,TAM,GNB,WR,0,0,0,0,0,1,10,0,2,2,17,0,4.7
2026,4,Calvin Ridley,TEN,BAL,WR,0,0,0,0,0,0,0,0,2,1,13,0,2.3
2026,4,Cam Ward,TEN,BAL,QB,31,20,222,1,1,4,27,0,0,0,0,0,15.58
2026,4,Carnell Tate,TEN,BAL,WR,0,0,0,0,0,0,0,0,12,9,145,0,21.5
2026,4,Chimere Dike,TEN,BAL,WR,0,0,0,0,0,0,0,0,1,1,15,0,2.5
2026,4,Daniel Bellinger,TEN,BAL,TE,0,0,0,0,0,0,0,0,1,1,2,0,1.2
2026,4,Elic Ayomanor,TEN,BAL,WR,0,0,0,0,0,0,0,0,1,1,22,0,3.2
2026,4,Gunnar Helm,TEN,BAL,TE,0,0,0,0,0,0,0,0,1,1,5,0,3.5
2026,4,Nicholas Singleton,TEN,BAL,RB,0,0,0,0,0,3,2,0,0,0,0,0,0.2
2026,4,Tony Pollard,TEN,BAL,RB,0,0,0,0,0,16,48,1,4,2,2,0,13.0
2026,4,Tyjae Spears,TEN,BAL,RB,0,0,0,0,0,2,7,0,1,1,-1,0,1.6
2026,4,Wan'Dale Robinson,TEN,BAL,WR,0,0,0,0,0,1,1,0,5,3,19,1,11.0
2026,4,Antonio Williams,WAS,IND,WR,0,0,0,0,0,0,0,0,8,3,21,0,5.1
2026,4,Athan Kaliakmanis,WAS,IND,QB,33,15,186,1,1,3,16,0,0,0,0,0,11.04
2026,4,Austin Ekeler,WAS,IND,RB,0,0,0,0,0,4,29,0,2,1,11,0,5.0
2026,4,Chig Okonkwo,WAS,IND,TE,0,0,0,0,0,0,0,0,4,2,5,0,2.5
2026,4,Colson Yankoff,WAS,IND,TE,0,0,0,0,0,0,0,0,1,0,0,0,0.0
2026,4,Craig Reynolds,WAS,IND,RB,0,0,0,0,0,2,4,0,0,0,0,0,0.4
2026,4,Dyami Brown,WAS,IND,WR,0,0,0,0,0,0,0,0,4,3,65,0,9.5
2026,4,Jacory Croskey-Merritt,WAS,IND,RB,0,0,0,0,0,9,15,0,4,2,35,0,7.0
2026,4,Kaytron Allen,WAS,IND,RB,0,0,0,0,0,3,1,0,0,0,0,0,0.1
2026,4,Marcus Mariota,WAS,IND,QB,4,3,46,0,0,1,35,0,0,0,0,0,5.34
2026,4,Stefon Diggs,WAS,IND,WR,0,0,0,0,0,0,0,0,9,5,35,0,8.5
2026,4,Treylon Burks,WAS,IND,WR,0,0,0,0,0,0,0,0,3,1,47,1,11.7
2026,5,Brevyn Spann-Ford,DAL,TAM,TE,0,0,0,0,0,0,0,0,2,0,0,0,0.0
2026,5,CeeDee Lamb,DAL,TAM,WR,0,0,0,0,0,0,0,0,5,2,9,0,2.9
2026,5,Dak Prescott,DAL,TAM,QB,42,24,316,1,2,0,0,0,0,0,0,0,12.64
2026,5,George Pickens,DAL,TAM,WR,0,0,0,0,0,0,0,0,13,9,130,1,28.0
2026,5,Hunter Luepke,DAL,TAM,RB,0,0,0,0,0,1,5,0,0,0,0,0,0.5
2026,5,Jake Ferguson,DAL,TAM,TE,0,0,0,0,0,0,0,0,6,3,19,0,4.9
2026,5,Javonte Williams,DAL,TAM,RB,0,0,0,0,0,12,45,1,3,2,17,0,14.2
2026,5,Jonathan Mingo,DAL,TAM,WR,0,0,0,0,0,0,0,0,4,2,20,0,4.0
2026,5,KaVontae Turpin,DAL,TAM,WR,0,0,0,0,0,0,0,0,4,2,22,0,4.2
2026,5,Luke Schoonmaker,DAL,TAM,TE,0,0,0,0,0,0,0,0,1,1,9,0,1.9
2026,5,Ryan Flournoy,DAL,TAM,WR,0,0,0,0,0,0,0,0,4,3,90,0,12.0
2026,5,Bucky Irving,TAM,DAL,RB,0,0,0,0,0,21,165,1,3,2,10,1,31.5
2026,5,Cade Otton,TAM,DAL,TE,0,0,0,0,0,0,0,0,4,3,25,0,5.5
2026,5,Chris Godwin Jr.,TAM,DAL,WR,0,0,0,0,0,1,3,0,3,3,37,0,7.0
2026,5,Emeka Egbuka,TAM,DAL,WR,0,0,0,0,0,1,14,1,9,6,38,0,17.2
2026,5,Jalon Daniels,TAM,DAL,QB,25,19,189,1,0,7,23,0,0,0,0,0,13.86
2026,5,Kenny Gainwell,TAM,DAL,RB,0,0,0,0,0,4,18,0,4,3,10,0,5.8
2026,5,Payne Durham,TAM,DAL,TE,0,0,0,0,0,0,0,0,1,1,5,0,1.5
2026,5,Sean Tucker,TAM,DAL,RB,0,0,0,0,0,5,18,0,0,0,0,0,1.8
2026,5,Tez Johnson,TAM,DAL,WR,0,0,0,0,0,0,0,0,1,1,64,0,7.4
