scorer,pos,type,yards,passer,team,defense,week,game,qtr,clock,first
Jeremiyah Love,RB,Rushing,5.0,,ARI,LAC,1,ARI @ LAC,1,08:54,1
Omarion Hampton,RB,Rushing,8.0,,LAC,ARI,1,ARI @ LAC,1,04:29,0
Ladd McConkey,WR,Passing,8.0,J.Herbert,LAC,ARI,1,ARI @ LAC,3,06:07,0
Trey McBride,TE,Passing,3.0,J.Brissett,ARI,LAC,1,ARI @ LAC,4,11:48,0
Bijan Robinson,RB,Passing,23.0,C.Rush,ATL,PIT,1,ATL @ PIT,1,01:19,1
Pat Freiermuth,TE,Passing,6.0,A.Rodgers,PIT,ATL,1,ATL @ PIT,2,10:44,0
T.J. Watt,DEF,Return/Defensive,0.0,,PIT,ATL,1,ATL @ PIT,4,14:16,0
Jonathan Taylor,RB,Rushing,1.0,,IND,BAL,1,BAL @ IND,1,10:36,1
Lamar Jackson,QB,Rushing,5.0,,BAL,IND,1,BAL @ IND,1,08:25,0
Derrick Henry,RB,Rushing,4.0,,BAL,IND,1,BAL @ IND,1,04:08,0
Zay Flowers,WR,Passing,54.0,L.Jackson,BAL,IND,1,BAL @ IND,2,07:04,0
Derrick Henry,RB,Rushing,32.0,,BAL,IND,1,BAL @ IND,2,05:12,0
Jonathan Taylor,RB,Rushing,3.0,,IND,BAL,1,BAL @ IND,2,02:18,0
Derrick Henry,RB,Rushing,3.0,,BAL,IND,1,BAL @ IND,4,12:50,0
Tyler Warren,TE,Passing,9.0,D.Jones,IND,BAL,1,BAL @ IND,4,10:32,0
David Montgomery,RB,Rushing,1.0,,HOU,BUF,1,BUF @ HOU,1,00:37,1
Josh Allen,QB,Rushing,21.0,,BUF,HOU,1,BUF @ HOU,2,12:57,0
David Montgomery,RB,Rushing,18.0,,HOU,BUF,1,BUF @ HOU,2,04:53,0
Josh Allen,QB,Rushing,1.0,,BUF,HOU,1,BUF @ HOU,2,04:02,0
DJ Moore,WR,Passing,43.0,J.Allen,BUF,HOU,1,BUF @ HOU,2,01:39,0
Nico Collins,WR,Passing,12.0,C.Stroud,HOU,BUF,1,BUF @ HOU,2,00:31,0
David Montgomery,RB,Passing,7.0,C.Stroud,HOU,BUF,1,BUF @ HOU,4,13:39,0
Josh Palmer,WR,Passing,34.0,J.Allen,BUF,HOU,1,BUF @ HOU,4,01:41,0
Chuba Hubbard,RB,Passing,4.0,B.Young,CAR,CHI,1,CHI @ CAR,1,11:40,1
Caleb Williams,QB,Rushing,9.0,,CHI,CAR,1,CHI @ CAR,1,06:03,0
D'Andre Swift,RB,Rushing,1.0,,CHI,CAR,1,CHI @ CAR,1,02:03,0
Cole Kmet,TE,Passing,22.0,C.Williams,CHI,CAR,1,CHI @ CAR,2,14:05,0
Jalen Coker,WR,Passing,51.0,B.Young,CAR,CHI,1,CHI @ CAR,2,12:49,0
Bryce Young,QB,Rushing,7.0,,CAR,CHI,1,CHI @ CAR,2,08:51,0
Caleb Williams,QB,Rushing,29.0,,CHI,CAR,1,CHI @ CAR,2,00:32,0
Chuba Hubbard,RB,Rushing,2.0,,CAR,CHI,1,CHI @ CAR,3,09:06,0
D'Andre Swift,RB,Rushing,1.0,,CHI,CAR,1,CHI @ CAR,3,03:08,0
Kyle Monangai,RB,Rushing,61.0,,CHI,CAR,1,CHI @ CAR,3,00:50,0
Jahdae Walker,WR,Passing,1.0,C.Williams,CHI,CAR,1,CHI @ CAR,4,06:32,0
Jalen Coker,WR,Passing,8.0,B.Young,CAR,CHI,1,CHI @ CAR,4,04:05,0
D'Andre Swift,RB,Rushing,28.0,,CHI,CAR,1,CHI @ CAR,4,03:47,0
Parker Washington,WR,Passing,30.0,T.Lawrence,JAX,CLE,1,CLE @ JAX,1,08:18,1
Josh Cameron,WR,Passing,4.0,T.Lawrence,JAX,CLE,1,CLE @ JAX,1,01:47,0
Brenton Strange,TE,Passing,14.0,T.Lawrence,JAX,CLE,1,CLE @ JAX,2,06:24,0
Jakobi Meyers,WR,Passing,32.0,T.Lawrence,JAX,CLE,1,CLE @ JAX,3,12:18,0
Denzel Boston,WR,Passing,46.0,D.Watson,CLE,JAX,1,CLE @ JAX,4,02:00,0
Cam Skattebo,RB,Rushing,3.0,,NYG,DAL,1,DAL @ NYG,1,06:45,1
CeeDee Lamb,WR,Passing,1.0,D.Prescott,DAL,NYG,1,DAL @ NYG,2,05:48,0
Isaiah Likely,TE,Passing,15.0,J.Dart,NYG,DAL,1,DAL @ NYG,2,00:25,0
Isaiah Likely,TE,Passing,2.0,J.Dart,NYG,DAL,1,DAL @ NYG,3,07:04,0
Javonte Williams,RB,Rushing,1.0,,DAL,NYG,1,DAL @ NYG,3,00:41,0
Devin Singletary,RB,Passing,9.0,J.Dart,NYG,DAL,1,DAL @ NYG,4,07:31,0
Javonte Williams,RB,Passing,17.0,D.Prescott,DAL,NYG,1,DAL @ NYG,4,05:26,0
Patrick Mahomes,QB,Rushing,15.0,,KAN,DEN,1,DEN @ KC,1,08:20,1
Evan Engram,TE,Passing,19.0,B.Nix,DEN,KAN,1,DEN @ KC,1,03:53,0
Rashee Rice,WR,Passing,13.0,P.Mahomes,KAN,DEN,1,DEN @ KC,2,01:46,0
Kenneth Walker III,RB,Rushing,60.0,,KAN,DEN,1,DEN @ KC,3,12:53,0
Kenneth Walker III,RB,Passing,2.0,P.Mahomes,KAN,DEN,1,DEN @ KC,4,14:43,0
Christian Watson,WR,Passing,81.0,J.Love,GNB,MIN,1,GB @ MIN,1,07:54,1
Justin Jefferson,WR,Passing,39.0,C.Wentz,MIN,GNB,1,GB @ MIN,2,02:02,0
Christian Watson,WR,Passing,2.0,J.Love,GNB,MIN,1,GB @ MIN,2,00:18,0
T.J. Hockenson,TE,Passing,16.0,C.Wentz,MIN,GNB,1,GB @ MIN,3,02:11,0
Aaron Jones,RB,Rushing,3.0,,MIN,GNB,1,GB @ MIN,4,06:42,0
Jordan Mason,RB,Rushing,1.0,,MIN,GNB,1,GB @ MIN,4,04:52,0
Justin Jefferson,WR,Passing,9.0,C.Wentz,MIN,GNB,1,GB @ MIN,4,04:03,0
Jack Bech,WR,Passing,15.0,K.Cousins,LVR,MIA,1,MIA @ LV,1,01:38,1
Ashton Jeanty,RB,Passing,13.0,K.Cousins,LVR,MIA,1,MIA @ LV,2,01:12,0
Malik Willis,QB,Rushing,14.0,,MIA,LVR,1,MIA @ LV,3,12:52,0
Ashton Jeanty,RB,Passing,13.0,K.Cousins,LVR,MIA,1,MIA @ LV,3,10:06,0
Eli Raridon,TE,Passing,2.0,D.Maye,NWE,SEA,1,NE @ SEA,2,09:14,1
Jaxon Smith-Njigba,WR,Passing,45.0,D.Lock,SEA,NWE,1,NE @ SEA,4,11:38,0
Jahmyr Gibbs,RB,Rushing,1.0,,DET,NOR,1,NO @ DET,1,03:41,1
Jahmyr Gibbs,RB,Rushing,1.0,,DET,NOR,1,NO @ DET,3,11:18,0
Amon-Ra St. Brown,WR,Passing,19.0,J.Goff,DET,NOR,1,NO @ DET,3,08:59,0
Kendre Miller,RB,Rushing,8.0,,NOR,DET,1,NO @ DET,3,04:32,0
Devaughn Vele,WR,Passing,1.0,T.Shough,NOR,DET,1,NO @ DET,3,00:34,0
Juwan Johnson,TE,Passing,9.0,T.Shough,NOR,DET,1,NO @ DET,4,01:13,0
Amon-Ra St. Brown,WR,Passing,4.0,J.Goff,DET,NOR,1,NO @ DET,5,05:07,0
Noah Fant,TE,Passing,8.0,T.Shough,NOR,DET,1,NO @ DET,5,01:38,0
Kenyon Sadiq,TE,Rushing,3.0,,NYJ,TEN,1,NYJ @ TEN,1,10:50,1
Breece Hall,RB,Rushing,4.0,,NYJ,TEN,1,NYJ @ TEN,3,09:44,0
Elic Ayomanor,WR,Passing,11.0,C.Ward,TEN,NYJ,1,NYJ @ TEN,4,02:45,0
Kyren Williams,RB,Rushing,5.0,,LAR,SFO,1,SF @ LA,2,15:00,1
Demarcus Robinson,WR,Passing,39.0,B.Purdy,SFO,LAR,1,SF @ LA,2,04:35,0
Mike Evans,WR,Passing,2.0,B.Purdy,SFO,LAR,1,SF @ LA,3,11:07,0
Deebo Samuel Sr.,WR,Passing,15.0,B.Purdy,SFO,LAR,1,SF @ LA,4,13:04,0
Demetrius Knight Jr.,DEF,Return/Defensive,-7.0,,CIN,TAM,1,TB @ CIN,1,06:29,1
Mike Gesicki,TE,Passing,2.0,J.Burrow,CIN,TAM,1,TB @ CIN,1,01:51,0
Chase Brown,RB,Rushing,5.0,,CIN,TAM,1,TB @ CIN,2,05:35,0
Bucky Irving,RB,Rushing,10.0,,TAM,CIN,1,TB @ CIN,2,01:54,0
Josiah Trotter,DEF,Return/Defensive,0.0,,TAM,CIN,1,TB @ CIN,3,02:24,0
Baker Mayfield,QB,Rushing,9.0,,TAM,CIN,1,TB @ CIN,4,03:25,0
Dallas Goedert,TE,Passing,17.0,J.Hurts,PHI,WAS,1,WAS @ PHI,2,14:17,1
Dontayvion Wicks,WR,Passing,9.0,J.Hurts,PHI,WAS,1,WAS @ PHI,2,06:35,0
Jacory Croskey-Merritt,RB,Rushing,1.0,,WAS,PHI,1,WAS @ PHI,2,01:56,0
Stefon Diggs,WR,Passing,10.0,J.Daniels,WAS,PHI,1,WAS @ PHI,4,10:04,0
Dallas Goedert,TE,Passing,43.0,J.Hurts,PHI,WAS,1,WAS @ PHI,4,06:12,0
Antonio Williams,WR,Passing,1.0,J.Daniels,WAS,PHI,1,WAS @ PHI,4,01:05,0
Chuba Hubbard,RB,Passing,3.0,B.Young,CAR,ATL,2,CAR @ ATL,1,10:51,1
Darren Waller,TE,Passing,7.0,B.Young,CAR,ATL,2,CAR @ ATL,2,00:24,0
Darren Waller,TE,Passing,12.0,B.Young,CAR,ATL,2,CAR @ ATL,3,09:44,0
Devin Lloyd,DEF,Return/Defensive,0.0,,CAR,ATL,2,CAR @ ATL,3,03:08,0
Ja'Marr Chase,WR,Passing,32.0,J.Burrow,CIN,HOU,2,CIN @ HOU,2,03:37,1
Ja'Marr Chase,WR,Passing,18.0,J.Burrow,CIN,HOU,2,CIN @ HOU,3,03:12,0
Emeka Egbuka,WR,Passing,5.0,B.Mayfield,TAM,CLE,2,CLE @ TB,3,09:39,1
Denzel Boston,WR,Passing,55.0,D.Watson,CLE,TAM,2,CLE @ TB,3,01:33,0
Blake Whiteheart,TE,Passing,17.0,D.Watson,CLE,TAM,2,CLE @ TB,4,03:57,0
Josh Allen,QB,Rushing,1.0,,BUF,DET,2,DET @ BUF,1,09:13,1
Josh Palmer,WR,Passing,43.0,J.Allen,BUF,DET,2,DET @ BUF,1,03:49,0
Dawson Knox,TE,Passing,1.0,J.Allen,BUF,DET,2,DET @ BUF,2,11:52,0
Jahmyr Gibbs,RB,Passing,11.0,J.Goff,DET,BUF,2,DET @ BUF,2,05:07,0
Dalton Kincaid,TE,Passing,16.0,J.Allen,BUF,DET,2,DET @ BUF,2,02:56,0
Amon-Ra St. Brown,WR,Passing,2.0,J.Goff,DET,BUF,2,DET @ BUF,3,09:31,0
Josh Allen,QB,Rushing,2.0,,BUF,DET,2,DET @ BUF,3,01:13,0
Sam LaPorta,TE,Passing,1.0,J.Goff,DET,BUF,2,DET @ BUF,4,10:57,0
James Cook,RB,Rushing,1.0,,BUF,DET,2,DET @ BUF,4,02:53,0
Amon-Ra St. Brown,WR,Passing,27.0,J.Goff,DET,BUF,2,DET @ BUF,4,01:48,0
MarShawn Lloyd,RB,Passing,6.0,J.Love,GNB,NYJ,2,GB @ NYJ,2,09:40,1
Braelon Allen,RB,Rushing,5.0,,NYJ,GNB,2,GB @ NYJ,2,06:08,0
Garrett Wilson,WR,Passing,5.0,G.Smith,NYJ,GNB,2,GB @ NYJ,3,02:35,0
Christian Watson,WR,Passing,3.0,J.Love,GNB,NYJ,2,GB @ NYJ,4,08:02,0
Tyler Warren,TE,Passing,1.0,D.Jones,IND,KAN,2,IND @ KC,1,08:28,1
Travis Kelce,TE,Passing,13.0,P.Mahomes,KAN,IND,2,IND @ KC,1,04:40,0
Xavier Worthy,WR,Passing,1.0,P.Mahomes,KAN,IND,2,IND @ KC,2,02:28,0
Jonathan Taylor,RB,Rushing,24.0,,IND,KAN,2,IND @ KC,2,01:04,0
Jalen Royals,WR,Passing,1.0,P.Mahomes,KAN,IND,2,IND @ KC,3,08:06,0
Jonathan Taylor,RB,Rushing,5.0,,IND,KAN,2,IND @ KC,4,05:41,0
Bhayshul Tuten,RB,Rushing,1.0,,JAX,DEN,2,JAX @ DEN,2,12:17,1
Nate Adkins,TE,Passing,7.0,B.Nix,DEN,JAX,2,JAX @ DEN,4,11:53,0
Jonah Coleman,RB,Rushing,3.0,,DEN,JAX,2,JAX @ DEN,4,07:24,0
Tre Tucker,WR,Passing,40.0,K.Cousins,LVR,LAC,2,LV @ LAC,2,11:57,1
Omarion Hampton,RB,Rushing,1.0,,LAC,LVR,2,LV @ LAC,2,05:30,0
Oronde Gadsden II,TE,Passing,10.0,J.Herbert,LAC,LVR,2,LV @ LAC,3,09:53,0
Cody White,WR,Passing,13.0,K.Cousins,LVR,LAC,2,LV @ LAC,3,03:59,0
Cody White,WR,Passing,11.0,K.Cousins,LVR,LAC,2,LV @ LAC,4,03:03,0
Christian McCaffrey,RB,Rushing,1.0,,SFO,MIA,2,MIA @ SF,1,04:20,1
Brock Purdy,QB,Rushing,2.0,,SFO,MIA,2,MIA @ SF,2,05:29,0
George Kittle,TE,Passing,12.0,B.Purdy,SFO,MIA,2,MIA @ SF,3,13:13,0
Kyle Juszczyk,RB,Passing,6.0,B.Purdy,SFO,MIA,2,MIA @ SF,3,05:51,0
Christian McCaffrey,RB,Rushing,1.0,,SFO,MIA,2,MIA @ SF,3,03:13,0
Ryan Miller,WR,Passing,77.0,M.Willis,MIA,SFO,2,MIA @ SF,4,02:41,0
Derrick Henry,RB,Rushing,1.0,,BAL,NOR,2,NO @ BAL,1,02:57,1
Rashod Bateman,WR,Passing,22.0,L.Jackson,BAL,NOR,2,NO @ BAL,2,00:28,0
Chris Olave,WR,Passing,21.0,T.Shough,NOR,BAL,2,NO @ BAL,4,09:47,0
Tyler Shough,QB,Rushing,1.0,,NOR,BAL,2,NO @ BAL,4,01:32,0
Davante Adams,WR,Passing,31.0,M.Stafford,LAR,NYG,2,NYG @ LA,1,00:19,1
Kyren Williams,RB,Passing,10.0,M.Stafford,LAR,NYG,2,NYG @ LA,2,11:13,0
Davante Adams,WR,Passing,11.0,M.Stafford,LAR,NYG,2,NYG @ LA,3,06:25,0
Terrance Ferguson,TE,Passing,5.0,M.Stafford,LAR,NYG,2,NYG @ LA,4,09:02,0
Cam Ward,QB,Rushing,1.0,,TEN,PHI,2,PHI @ TEN,1,04:28,1
Tank Bigsby,RB,Rushing,2.0,,PHI,TEN,2,PHI @ TEN,2,12:53,0
DeVonta Smith,WR,Passing,22.0,J.Hurts,PHI,TEN,2,PHI @ TEN,2,01:55,0
Cam Ward,QB,Rushing,1.0,,TEN,PHI,2,PHI @ TEN,3,01:03,0
Darius Cooper,WR,Passing,3.0,J.Hurts,PHI,TEN,2,PHI @ TEN,4,00:14,0
TreVeyon Henderson,RB,Rushing,39.0,,NWE,PIT,2,PIT @ NE,1,08:29,1
Elijah Ponder,DEF,Return/Defensive,-11.0,,NWE,PIT,2,PIT @ NE,4,13:46,0
Jaxon Smith-Njigba,WR,Passing,82.0,D.Lock,SEA,ARI,2,SEA @ ARI,1,12:38,1
Trey McBride,TE,Passing,2.0,J.Brissett,ARI,SEA,2,SEA @ ARI,2,15:00,0
Jaxon Smith-Njigba,WR,Passing,7.0,D.Lock,SEA,ARI,2,SEA @ ARI,3,12:31,0
Jaxon Smith-Njigba,WR,Passing,12.0,D.Lock,SEA,ARI,2,SEA @ ARI,4,12:44,0
AJ Barner,TE,Rushing,1.0,,SEA,ARI,2,SEA @ ARI,4,01:15,0
CeeDee Lamb,WR,Passing,3.0,D.Prescott,DAL,WAS,2,WAS @ DAL,1,10:04,1
Jake Ferguson,TE,Passing,10.0,D.Prescott,DAL,WAS,2,WAS @ DAL,2,09:59,0
Stefon Diggs,WR,Passing,4.0,J.Daniels,WAS,DAL,2,WAS @ DAL,2,06:40,0
Jake Ferguson,TE,Passing,12.0,D.Prescott,DAL,WAS,2,WAS @ DAL,3,06:37,0
Stefon Diggs,WR,Passing,20.0,M.Mariota,WAS,DAL,2,WAS @ DAL,4,09:09,0
CeeDee Lamb,WR,Passing,24.0,D.Prescott,DAL,WAS,2,WAS @ DAL,4,03:13,0
Deebo Samuel Sr.,WR,Passing,82.0,B.Purdy,SFO,ARI,3,ARI @ SF,1,08:40,1
Mike Evans,WR,Passing,23.0,B.Purdy,SFO,ARI,3,ARI @ SF,2,15:00,0
Christian McCaffrey,RB,Rushing,1.0,,SFO,ARI,3,ARI @ SF,3,11:10,0
Michael Wilson,WR,Passing,5.0,J.Brissett,ARI,SFO,3,ARI @ SF,3,03:07,0
Jeremiyah Love,RB,Passing,1.0,J.Brissett,ARI,SFO,3,ARI @ SF,4,13:10,0
George Kittle,TE,Passing,10.0,B.Purdy,SFO,ARI,3,ARI @ SF,4,08:46,0
Jacoby Brissett,QB,Rushing,1.0,,ARI,SFO,3,ARI @ SF,4,02:55,0
George Kittle,TE,Passing,20.0,B.Purdy,SFO,ARI,3,ARI @ SF,4,01:36,0
Christian Watson,WR,Passing,4.0,J.Love,GNB,ATL,3,ATL @ GB,1,05:17,1
Bijan Robinson,RB,Rushing,3.0,,ATL,GNB,3,ATL @ GB,1,01:35,0
Austin Hooper,TE,Passing,5.0,M.Penix,ATL,GNB,3,ATL @ GB,2,01:02,0
Brian Robinson,RB,Rushing,7.0,,ATL,GNB,3,ATL @ GB,3,03:41,0
Matthew Golden,WR,Passing,15.0,J.Love,GNB,ATL,3,ATL @ GB,4,08:21,0
Bijan Robinson,RB,Rushing,2.0,,ATL,GNB,3,ATL @ GB,4,03:35,0
Javonte Williams,RB,Rushing,2.0,,DAL,BAL,3,BAL @ DAL,1,04:35,1
Derrick Henry,RB,Rushing,4.0,,BAL,DAL,3,BAL @ DAL,1,01:22,0
Derrick Henry,RB,Rushing,3.0,,BAL,DAL,3,BAL @ DAL,2,11:29,0
Chris Moore,WR,Passing,4.0,L.Jackson,BAL,DAL,3,BAL @ DAL,3,03:50,0
Jake Ferguson,TE,Passing,19.0,D.Prescott,DAL,BAL,3,BAL @ DAL,3,01:53,0
KaVontae Turpin,WR,Rushing,9.0,,DAL,BAL,3,BAL @ DAL,4,09:46,0
Matthew Hibner,TE,Passing,2.0,L.Jackson,BAL,DAL,3,BAL @ DAL,4,01:34,0
Harold Fannin Jr.,TE,Passing,2.0,D.Watson,CLE,CAR,3,CAR @ CLE,2,01:43,1
John Metchie III,WR,Passing,8.0,B.Young,CAR,CLE,3,CAR @ CLE,4,04:29,0
Harold Fannin Jr.,TE,Passing,14.0,D.Watson,CLE,CAR,3,CAR @ CLE,4,01:55,0
Roman Wilson,WR,Passing,38.0,A.Rodgers,PIT,CIN,3,CIN @ PIT,1,13:17,1
Ja'Marr Chase,WR,Passing,3.0,J.Burrow,CIN,PIT,3,CIN @ PIT,1,05:54,0
Ben Skowronek,WR,Passing,23.0,A.Rodgers,PIT,CIN,3,CIN @ PIT,1,00:57,0
Tee Higgins,WR,Passing,28.0,J.Burrow,CIN,PIT,3,CIN @ PIT,2,00:39,0
DK Metcalf,WR,Passing,6.0,A.Rodgers,PIT,CIN,3,CIN @ PIT,3,02:48,0
Mike Gesicki,TE,Passing,25.0,J.Burrow,CIN,PIT,3,CIN @ PIT,4,13:33,0
Keenan Allen,WR,Passing,6.0,D.Jones,IND,HOU,3,HOU @ IND,2,11:13,1
Foster Moreau,TE,Passing,1.0,C.Stroud,HOU,IND,3,HOU @ IND,2,04:34,0
Woody Marks,RB,Rushing,1.0,,HOU,IND,3,HOU @ IND,4,01:50,0
Kenneth Walker III,RB,Rushing,10.0,,KAN,MIA,3,KC @ MIA,1,12:57,1
Ollie Gordon II,RB,Rushing,3.0,,MIA,KAN,3,KC @ MIA,1,03:33,0
Kenneth Walker III,RB,Passing,5.0,P.Mahomes,KAN,MIA,3,KC @ MIA,2,13:02,0
Travis Kelce,TE,Passing,11.0,P.Mahomes,KAN,MIA,3,KC @ MIA,4,03:01,0
Keaton Mitchell,RB,Passing,1.0,J.Herbert,LAC,BUF,3,LAC @ BUF,1,10:37,1
Josh Allen,QB,Rushing,1.0,,BUF,LAC,3,LAC @ BUF,2,00:19,0
Josh Allen,QB,Rushing,1.0,,BUF,LAC,3,LAC @ BUF,4,07:37,0
James Cook,RB,Rushing,3.0,,BUF,LAC,3,LAC @ BUF,4,03:16,0
Tyler Higbee,TE,Passing,5.0,M.Stafford,LAR,DEN,3,LA @ DEN,1,05:00,1
Pat Bryant,WR,Passing,5.0,B.Nix,DEN,LAR,3,LA @ DEN,3,07:50,0
Nate Adkins,TE,Passing,8.0,B.Nix,DEN,LAR,3,LA @ DEN,3,02:19,0
Talanoa Hufanga,DEF,Return/Defensive,0.0,,DEN,LAR,3,LA @ DEN,4,05:01,0
Konata Mumpfield,WR,Passing,48.0,M.Stafford,LAR,DEN,3,LA @ DEN,4,03:46,0
Bo Nix,QB,Rushing,1.0,,DEN,LAR,3,LA @ DEN,4,00:48,0
Juwan Johnson,TE,Passing,2.0,T.Shough,NOR,LVR,3,LV @ NO,1,00:54,1
Michael Mayer,TE,Passing,3.0,K.Cousins,LVR,NOR,3,LV @ NO,2,05:49,0
Noah Fant,TE,Passing,3.0,T.Shough,NOR,LVR,3,LV @ NO,2,01:57,0
Juwan Johnson,TE,Passing,1.0,T.Shough,NOR,LVR,3,LV @ NO,3,06:44,0
Noah Fant,TE,Passing,16.0,T.Shough,NOR,LVR,3,LV @ NO,3,05:54,0
Mike Washington Jr.,RB,Rushing,36.0,,LVR,NOR,3,LV @ NO,3,03:29,0
Cody White,WR,Passing,4.0,K.Cousins,LVR,NOR,3,LV @ NO,4,09:27,0
Brock Bowers,TE,Passing,4.0,K.Cousins,LVR,NOR,3,LV @ NO,4,06:28,0
Myles Price,WR,Return/Defensive,0.0,,MIN,TAM,3,MIN @ TB,1,09:00,1
Ted Hurst III,WR,Passing,40.0,B.Mayfield,TAM,MIN,3,MIN @ TB,1,06:50,0
Jordan Addison,WR,Passing,41.0,K.Murray,MIN,TAM,3,MIN @ TB,2,04:17,0
Josh Cameron,WR,Passing,12.0,T.Lawrence,JAX,NWE,3,NE @ JAX,2,13:30,1
Jakobi Meyers,WR,Passing,10.0,T.Lawrence,JAX,NWE,3,NE @ JAX,2,04:28,0
Parker Washington,WR,Passing,17.0,T.Lawrence,JAX,NWE,3,NE @ JAX,3,01:13,0
Chris Rodriguez Jr.,RB,Rushing,5.0,,JAX,NWE,3,NE @ JAX,3,00:54,0
Bhayshul Tuten,RB,Rushing,1.0,,JAX,NWE,3,NE @ JAX,4,08:06,0
Kenyon Sadiq,TE,Passing,24.0,G.Smith,NYJ,DET,3,NYJ @ DET,2,05:40,1
Amon-Ra St. Brown,WR,Passing,4.0,J.Goff,DET,NYJ,3,NYJ @ DET,2,01:40,0
Jahmyr Gibbs,RB,Rushing,17.0,,DET,NYJ,3,NYJ @ DET,3,11:06,0
Jahmyr Gibbs,RB,Rushing,1.0,,DET,NYJ,3,NYJ @ DET,4,15:00,0
Jeremy Ruckert,TE,Passing,4.0,G.Smith,NYJ,DET,3,NYJ @ DET,4,11:21,0
Garrett Wilson,WR,Passing,23.0,G.Smith,NYJ,DET,3,NYJ @ DET,4,04:11,0
Jahmyr Gibbs,RB,Passing,11.0,J.Goff,DET,NYJ,3,NYJ @ DET,4,02:30,0
Luther Burden III,WR,Passing,8.0,C.Keenum,CHI,PHI,3,PHI @ CHI,1,08:56,1
Jalen Hurts,QB,Rushing,1.0,,PHI,CHI,3,PHI @ CHI,2,00:01,0
Kalif Raymond,WR,Passing,41.0,C.Keenum,CHI,PHI,3,PHI @ CHI,3,05:55,0
Case Keenum,QB,Rushing,1.0,,CHI,PHI,3,PHI @ CHI,4,07:21,0
Rachaad White,RB,Passing,6.0,M.Mariota,WAS,SEA,3,SEA @ WAS,1,09:14,1
Jaxon Smith-Njigba,WR,Passing,1.0,S.Darnold,SEA,WAS,3,SEA @ WAS,2,13:31,0
Treylon Burks,WR,Passing,11.0,M.Mariota,WAS,SEA,3,SEA @ WAS,2,06:51,0
Terry McLaurin,WR,Passing,30.0,M.Mariota,WAS,SEA,3,SEA @ WAS,3,10:50,0
Eric Saubert,TE,Passing,13.0,S.Darnold,SEA,WAS,3,SEA @ WAS,3,06:14,0
Jaxon Smith-Njigba,WR,Passing,11.0,S.Darnold,SEA,WAS,3,SEA @ WAS,4,11:57,0
Kain Medrano,DEF,Return/Defensive,0.0,,WAS,SEA,3,SEA @ WAS,4,04:09,0
Cooper Kupp,WR,Passing,7.0,S.Darnold,SEA,WAS,3,SEA @ WAS,4,02:55,0
Wan'Dale Robinson,WR,Passing,4.0,C.Ward,TEN,NYG,3,TEN @ NYG,4,05:39,1
Marvin Harrison Jr.,WR,Passing,12.0,J.Brissett,ARI,NYG,4,ARI @ NYG,1,11:12,1
Tyler Allgeier,RB,Rushing,22.0,,ARI,NYG,4,ARI @ NYG,1,03:12,0
Malachi Fields,WR,Passing,12.0,J.Winston,NYG,ARI,4,ARI @ NYG,2,04:36,0
Malik Nabers,WR,Passing,25.0,J.Winston,NYG,ARI,4,ARI @ NYG,2,02:28,0
Elijah Higgins,TE,Passing,2.0,J.Brissett,ARI,NYG,4,ARI @ NYG,3,07:24,0
Theo Johnson,TE,Passing,11.0,J.Winston,NYG,ARI,4,ARI @ NYG,3,01:48,0
Deonte Banks,DEF,Return/Defensive,0.0,,NYG,ARI,4,ARI @ NYG,4,00:11,0
Bijan Robinson,RB,Rushing,59.0,,ATL,NOR,4,ATL @ NO,1,13:43,1
Bijan Robinson,RB,Rushing,4.0,,ATL,NOR,4,ATL @ NO,1,00:52,0
Alvin Kamara,RB,Rushing,3.0,,NOR,ATL,4,ATL @ NO,2,15:00,0
Brian Robinson,RB,Rushing,4.0,,ATL,NOR,4,ATL @ NO,2,09:03,0
Brian Robinson,RB,Rushing,8.0,,ATL,NOR,4,ATL @ NO,3,02:15,0
Alvin Kamara,RB,Rushing,5.0,,NOR,ATL,4,ATL @ NO,4,13:03,0
Jahan Dotson,WR,Passing,31.0,M.Penix,ATL,NOR,4,ATL @ NO,4,09:57,0
Brian Robinson,RB,Rushing,11.0,,ATL,NOR,4,ATL @ NO,4,06:58,0
Devaughn Vele,WR,Passing,3.0,T.Shough,NOR,ATL,4,ATL @ NO,4,01:19,0
Nico Collins,WR,Passing,7.0,C.Stroud,HOU,DAL,4,DAL @ HOU,1,10:06,1
Javonte Williams,RB,Rushing,8.0,,DAL,HOU,4,DAL @ HOU,3,13:00,0
Nico Collins,WR,Passing,22.0,C.Stroud,HOU,DAL,4,DAL @ HOU,3,10:57,0
Javonte Williams,RB,Rushing,1.0,,DAL,HOU,4,DAL @ HOU,3,06:54,0
Javonte Williams,RB,Rushing,2.0,,DAL,HOU,4,DAL @ HOU,4,11:20,0
Woody Marks,RB,Rushing,6.0,,HOU,DAL,4,DAL @ HOU,4,02:26,0
CeeDee Lamb,WR,Passing,12.0,D.Prescott,DAL,HOU,4,DAL @ HOU,4,00:43,0
Deebo Samuel Sr.,WR,Passing,1.0,B.Purdy,SFO,DEN,4,DEN @ SF,3,04:22,1
Christian McCaffrey,RB,Rushing,1.0,,SFO,DEN,4,DEN @ SF,4,08:55,0
Jaylen Waddle,WR,Passing,13.0,B.Nix,DEN,SFO,4,DEN @ SF,4,04:10,0
George Kittle,TE,Passing,56.0,B.Purdy,SFO,DEN,4,DEN @ SF,4,02:25,0
Chuba Hubbard,RB,Rushing,15.0,,CAR,DET,4,DET @ CAR,1,01:56,1
Tetairoa McMillan,WR,Passing,32.0,B.Young,CAR,DET,4,DET @ CAR,2,08:14,0
Jahmyr Gibbs,RB,Rushing,1.0,,DET,CAR,4,DET @ CAR,2,02:18,0
Tetairoa McMillan,WR,Passing,10.0,B.Young,CAR,DET,4,DET @ CAR,3,09:37,0
Chuba Hubbard,RB,Rushing,2.0,,CAR,DET,4,DET @ CAR,3,02:52,0
Sam LaPorta,TE,Passing,8.0,J.Goff,DET,CAR,4,DET @ CAR,4,03:42,0
Matthew Golden,WR,Passing,2.0,J.Love,GNB,TAM,4,GB @ TB,2,12:58,1
Sean Tucker,RB,Rushing,2.0,,TAM,GNB,4,GB @ TB,2,05:17,0
Tucker Kraft,TE,Passing,2.0,J.Love,GNB,TAM,4,GB @ TB,3,10:39,0
Kenny Gainwell,RB,Passing,10.0,J.Daniels,TAM,GNB,4,GB @ TB,4,14:57,0
Jonathan Taylor,RB,Rushing,5.0,,IND,WAS,4,IND @ WAS,2,03:29,1
Jonathan Taylor,RB,Rushing,5.0,,IND,WAS,4,IND @ WAS,3,12:48,0
Treylon Burks,WR,Passing,47.0,A.Kaliakmanis,WAS,IND,4,IND @ WAS,3,10:47,0
Daniel Jones,QB,Rushing,4.0,,IND,WAS,4,IND @ WAS,4,11:44,0
Brian Thomas Jr.,WR,Passing,7.0,T.Lawrence,JAX,CIN,4,JAX @ CIN,2,01:27,1
Mike Gesicki,TE,Passing,15.0,J.Burrow,CIN,JAX,4,JAX @ CIN,3,08:48,0
Chris Rodriguez Jr.,RB,Rushing,25.0,,JAX,CIN,4,JAX @ CIN,4,06:42,0
Joe Burrow,QB,Rushing,1.0,,CIN,JAX,4,JAX @ CIN,4,03:33,0
Ian Thomas,TE,Passing,27.0,K.Cousins,LVR,KAN,4,KC @ LV,1,08:18,1
Tyquan Thornton,WR,Passing,2.0,P.Mahomes,KAN,LVR,4,KC @ LV,1,02:26,0
Tyquan Thornton,WR,Passing,8.0,P.Mahomes,KAN,LVR,4,KC @ LV,4,14:54,0
Kenneth Walker III,RB,Rushing,2.0,,KAN,LVR,4,KC @ LV,4,03:25,0
Kenneth Walker III,RB,Rushing,22.0,,KAN,LVR,4,KC @ LV,4,03:10,0
Brock Bowers,TE,Passing,20.0,K.Cousins,LVR,KAN,4,KC @ LV,4,01:54,0
Emanuel Wilson,RB,Passing,23.0,S.Darnold,SEA,LAC,4,LAC @ SEA,1,10:03,1
Rashid Shaheed,WR,Rushing,28.0,,SEA,LAC,4,LAC @ SEA,2,06:19,0
Emanuel Wilson,RB,Rushing,8.0,,SEA,LAC,4,LAC @ SEA,2,00:47,0
Tory Horton,WR,Passing,6.0,S.Darnold,SEA,LAC,4,LAC @ SEA,3,10:26,0
Kimani Vidal,RB,Passing,9.0,J.Herbert,LAC,SEA,4,LAC @ SEA,3,04:58,0
Omarion Hampton,RB,Rushing,2.0,,LAC,SEA,4,LAC @ SEA,4,07:52,0
Darius Cooper,WR,Passing,18.0,J.Hurts,PHI,LAR,4,LA @ PHI,2,05:51,1
Puka Nacua,WR,Rushing,2.0,,LAR,PHI,4,LA @ PHI,2,02:00,0
Darius Cooper,WR,Passing,10.0,J.Hurts,PHI,LAR,4,LA @ PHI,2,00:09,0
Kyren Williams,RB,Rushing,1.0,,LAR,PHI,4,LA @ PHI,4,04:02,0
Kyren Williams,RB,Rushing,7.0,,LAR,PHI,4,LA @ PHI,4,01:17,0
Ollie Gordon II,RB,Rushing,12.0,,MIA,MIN,4,MIA @ MIN,3,00:15,1
Romeo Doubs,WR,Passing,14.0,D.Maye,NWE,BUF,4,NE @ BUF,1,07:06,1
James Cook,RB,Rushing,8.0,,BUF,NWE,4,NE @ BUF,2,14:21,0
Rhamondre Stevenson,RB,Rushing,1.0,,NWE,BUF,4,NE @ BUF,2,05:41,0
Josh Allen,QB,Rushing,2.0,,BUF,NWE,4,NE @ BUF,2,01:03,0
Romeo Doubs,WR,Passing,2.0,D.Maye,NWE,BUF,4,NE @ BUF,3,08:18,0
Keon Coleman,WR,Passing,34.0,J.Allen,BUF,NWE,4,NE @ BUF,4,04:33,0
Efton Chism III,WR,Passing,23.0,D.Maye,NWE,BUF,4,NE @ BUF,4,01:55,0
Kyle Monangai,RB,Rushing,1.0,,CHI,NYJ,4,NYJ @ CHI,1,00:27,1
Kyle Monangai,RB,Rushing,5.0,,CHI,NYJ,4,NYJ @ CHI,3,02:29,0
Isaiah Williams,WR,Passing,58.0,G.Smith,NYJ,CHI,4,NYJ @ CHI,4,09:25,0
Roman Wilson,WR,Passing,12.0,A.Rodgers,PIT,CLE,4,PIT @ CLE,1,03:03,1
Jaleel McLaughlin,RB,Rushing,28.0,,CLE,PIT,4,PIT @ CLE,2,12:22,0
Quinshon Judkins,RB,Rushing,2.0,,CLE,PIT,4,PIT @ CLE,2,08:33,0
Harold Fannin Jr.,TE,Passing,2.0,D.Watson,CLE,PIT,4,PIT @ CLE,2,01:25,0
Darnell Washington,TE,Passing,21.0,A.Rodgers,PIT,CLE,4,PIT @ CLE,4,10:16,0
Pat Freiermuth,TE,Passing,3.0,A.Rodgers,PIT,CLE,4,PIT @ CLE,4,01:46,0
Derrick Henry,RB,Rushing,5.0,,BAL,TEN,4,TEN @ BAL,1,12:13,1
Tony Pollard,RB,Rushing,3.0,,TEN,BAL,4,TEN @ BAL,1,06:01,0
Zay Flowers,WR,Passing,19.0,L.Jackson,BAL,TEN,4,TEN @ BAL,2,12:22,0
Mark Andrews,TE,Passing,3.0,L.Jackson,BAL,TEN,4,TEN @ BAL,2,03:36,0
Wan'Dale Robinson,WR,Passing,3.0,C.Ward,TEN,BAL,4,TEN @ BAL,4,01:16,0
Javonte Williams,RB,Rushing,1.0,,DAL,TAM,5,TB @ DAL,1,10:53,1
Bucky Irving,RB,Passing,5.0,J.Daniels,TAM,DAL,5,TB @ DAL,2,15:00,0
Emeka Egbuka,WR,Rushing,14.0,,TAM,DAL,5,TB @ DAL,3,14:04,0
Bucky Irving,RB,Rushing,1.0,,TAM,DAL,5,TB @ DAL,3,07:35,0
George Pickens,WR,Passing,18.0,D.Prescott,DAL,TAM,5,TB @ DAL,4,05:30,0
