team,pf,pa,pass,rush,pass_a,rush_a,ypa,ypc,ptd,rtd,ptd_a,rtd_a,dvp_qb,dvp_rb,dvp_wr,dvp_te
ARI,21.75,29.25,204.5,100.5,247.75,117.5,5.382,3.865,1.5,0.75,2.75,0.75,20.985,15.2,38.375,18.625
ATL,24.0,23.0,191.75,181.0,276.5,48.25,7.747,5.209,0.75,2.0,1.75,0.5,17.66,16.85,38.4,15.875
BAL,29.0,24.0,257.5,153.5,229.0,100.0,9.81,4.835,1.5,2.0,1.0,1.5,16.485,19.1,37.85,10.375
BUF,31.75,26.75,259.75,139.0,274.0,116.0,8.731,5.055,1.5,2.5,2.5,0.75,21.285,26.275,41.025,11.25
CAR,30.25,27.25,317.0,104.5,242.5,156.5,7.779,4.4,2.25,1.0,1.25,1.75,19.35,28.0,28.675,16.575
CHI,28.0,16.25,244.0,196.25,194.0,102.5,7.394,4.937,1.0,2.25,1.0,0.75,14.885,16.925,25.375,6.725
CIN,24.25,21.25,292.75,74.25,272.0,99.5,7.459,3.578,1.75,0.5,1.0,0.75,16.105,19.3,29.125,18.0
CLE,20.25,23.75,213.75,93.75,254.25,113.25,7.371,3.676,1.5,0.5,2.25,0.0,18.395,16.675,37.275,16.8
DAL,27.6,27.2,276.2,81.6,231.8,168.4,7.193,3.813,1.8,1.4,2.0,1.2,21.492,25.32,35.46,13.62
DEN,18.5,23.5,204.75,81.25,245.25,142.75,6.067,3.611,1.25,0.5,1.5,1.0,17.085,25.825,28.275,15.475
DET,29.75,31.75,303.5,102.0,327.0,119.75,7.54,4.163,2.25,1.25,2.75,1.5,27.88,21.675,44.025,28.425
GNB,18.25,26.25,260.25,58.0,200.5,139.25,6.76,3.178,2.0,0.0,1.5,1.75,14.97,28.95,32.75,10.575
HOU,21.0,27.25,285.25,79.0,277.75,83.75,7.507,3.511,1.25,1.0,1.5,1.25,19.46,17.3,44.6,10.9
IND,25.5,26.0,188.5,109.5,276.25,131.0,5.712,3.876,0.75,1.75,1.5,1.25,20.5,24.2,34.95,13.725
JAX,26.0,13.25,210.75,117.25,291.5,74.25,8.106,4.15,2.0,1.0,0.75,0.5,14.25,17.525,36.985,9.425
KAN,29.5,19.25,259.25,162.25,229.0,92.75,8.102,5.5,2.25,1.25,1.0,0.75,12.36,19.6,21.45,22.55
LAR,21.25,20.75,300.5,126.75,153.75,102.0,7.285,4.829,1.5,1.0,1.75,0.25,15.525,15.5,30.275,6.625
LAC,16.75,26.5,204.0,121.5,225.5,121.75,6.8,4.301,1.0,0.75,1.5,1.5,16.87,22.85,33.4,9.85
LVR,28.75,21.0,256.5,93.0,223.0,134.5,7.125,3.126,2.75,0.25,1.75,1.0,16.345,21.075,26.85,17.6
MIA,11.5,25.25,178.0,104.0,235.0,109.0,6.913,4.333,0.25,0.75,1.75,1.0,17.375,26.95,22.2,18.575
MIN,21.5,12.75,177.25,106.75,220.25,94.5,6.445,3.681,1.0,0.5,0.75,0.25,10.51,14.2,30.125,7.7
NWE,16.25,19.25,225.0,117.75,205.5,104.0,7.317,3.925,1.0,0.5,1.25,1.0,13.97,20.925,34.875,5.9
NOR,26.25,32.0,300.75,88.5,228.0,147.75,6.683,3.576,2.25,1.0,1.75,2.25,16.545,33.75,29.5,17.9
NYG,20.5,19.75,182.25,110.5,212.25,109.0,6.509,3.714,1.5,0.25,2.25,0.5,15.315,21.25,33.1,14.95
NYJ,19.0,21.0,225.5,84.0,205.5,123.5,7.709,3.394,1.25,0.75,1.25,1.0,13.42,27.25,28.975,9.725
PHI,18.75,23.25,178.25,109.0,227.75,122.0,6.2,4.233,1.75,0.5,1.0,1.75,17.96,22.525,36.95,7.9
PIT,19.25,21.75,249.75,94.75,225.25,112.75,6.445,4.407,1.75,0.0,1.25,0.75,12.31,24.575,29.0,9.925
SEA,26.25,18.25,249.0,110.25,161.25,102.0,8.441,3.903,2.5,0.75,1.5,0.25,11.575,21.225,21.775,10.7
SFO,30.5,16.0,251.75,137.25,214.75,99.75,8.912,4.774,2.75,1.25,1.0,0.5,14.29,25.6,27.45,8.7
TAM,20.0,22.4,190.4,133.0,234.6,72.8,6.305,4.89,0.8,1.0,1.4,0.4,14.004,16.96,30.68,15.68
TEN,13.75,20.75,181.5,89.0,220.5,122.75,6.101,3.956,0.75,0.75,1.0,1.0,13.645,20.6,34.1,10.3
WAS,22.0,30.5,196.5,124.0,254.5,93.5,5.737,4.203,2.0,0.25,2.75,0.75,22.515,16.075,40.315,18.325
